device_uptime_ms,raw_ir,raw_red,avg_ir,avg_red,detrended_ir,filtered_ir,beat_marker,bpm
374787,249205,198841,248495,198540,888.84,2128.94,0.00,63.98
374827,249339,198880,248513,198545,971.70,2480.51,0.00,63.98
374867,249571,198958,248527,198550,1143.52,2899.22,0.00,63.98
374907,249843,199070,248539,198553,1344.73,3395.17,0.00,63.98
374947,250015,199123,248552,198558,1440.89,3868.84,0.00,63.98
374987,248582,198518,248502,198535,7.50,3101.08,0.00,63.98
375027,247001,197861,248378,198483,-1494.83,1285.00,0.00,63.98
375067,246451,197638,248229,198420,-1942.59,-526.08,0.00,63.98
375107,246549,197677,248151,198386,-1752.36,-1822.75,0.00,63.98
375147,246836,197802,248147,198382,-1392.09,-2571.87,0.00,63.98
375187,247170,197948,248169,198389,-1005.19,-2861.65,0.00,63.98
375227,247516,198098,248198,198399,-626.23,-2790.31,0.00,63.98
375267,247645,198144,248219,198406,-472.38,-2610.15,0.00,63.98
375307,247461,198086,248214,198401,-623.56,-2586.97,0.00,63.98
375347,247274,198005,248179,198385,-770.03,-2685.60,0.00,63.98
375387,247355,198041,248143,198370,-654.58,-2672.14,0.00,63.98
375427,247485,198095,248124,198361,-498.34,-2536.39,0.00,63.98
375467,247684,198180,248120,198358,-284.38,-2256.61,0.00,63.98
375507,247947,198290,248128,198360,-20.31,-1821.54,0.00,63.98
375547,248238,198386,248143,198364,257.16,-1251.51,0.00,63.98
375587,248569,198513,248154,198367,558.75,-554.20,0.00,63.98
375627,248789,198603,248157,198366,739.81,148.49,0.00,63.98
375667,249014,198682,248157,198363,916.58,852.05,0.00,63.98
375707,249325,198797,248162,198362,1166.20,1614.60,1614.60,64.69
375747,249588,198886,248178,198364,1357.75,2377.88,0.00,64.69
375787,249771,198954,248200,198369,1463.72,3073.28,0.00,64.69
375827,249823,198975,248220,198373,1439.94,3610.58,0.00,64.69
375867,248212,198326,248165,198347,-162.52,2758.45,0.00,64.69
375907,246673,197717,248038,198293,-1616.44,913.61,0.00,64.69
375947,246208,197537,247886,198230,-1977.36,-851.00,0.00,64.69
375987,246205,197556,247791,198191,-1881.34,-2185.88,0.00,64.69
376027,246449,197643,247769,198183,-1555.47,-2993.08,0.00,64.69
376067,246685,197762,247778,198188,-1253.50,-3397.26,0.00,64.69
376107,246974,197887,247795,198196,-916.28,-3450.83,0.00,64.69
376147,247090,197925,247806,198201,-760.27,-3368.88,0.00,64.69
376187,246990,197878,247798,198198,-817.25,-3348.90,0.00,64.69
376227,246967,197859,247776,198189,-798.23,-3317.71,0.00,64.69
376267,247023,197905,247751,198179,-705.12,-3218.27,0.00,64.69
376307,247204,197982,247741,198175,-497.92,-2972.95,0.00,64.69
376347,247525,198098,247751,198179,-168.08,-2512.82,0.00,64.69
376387,247858,198221,247771,198186,156.67,-1884.92,0.00,64.69
376427,248156,198305,247798,198194,431.94,-1162.39,0.00,64.69
376467,248478,198440,247830,198205,716.23,-356.92,0.00,64.69
376507,248579,198487,247855,198212,776.38,335.56,0.00,64.69
376547,248544,198475,247867,198216,704.31,831.90,0.00,64.69
376587,248712,198540,247873,198217,828.70,1328.48,1328.48,65.40
376627,249099,198664,247886,198220,1154.92,1986.72,0.00,65.40
376667,249420,198789,247902,198224,1402.12,2711.08,0.00,65.40
376707,249708,198894,247917,198228,1605.62,3453.36,0.00,65.40
376747,248743,198502,247883,198212,608.59,3249.57,0.00,65.40
376787,246842,197751,247766,198164,-1227.78,1617.43,0.00,65.40
376827,246126,197467,247618,198104,-1846.59,-183.33,0.00,65.40
376867,245958,197426,247528,198068,-1913.86,-1677.75,0.00,65.40
376907,246183,197543,247509,198061,-1604.42,-2625.74,0.00,65.40
376947,246553,197679,247522,198067,-1172.70,-3038.76,0.00,65.40
376987,247012,197861,247555,198079,-678.02,-2973.42,0.00,65.40
377027,247246,197941,247587,198091,-421.81,-2716.18,0.00,65.40
377067,247263,197945,247610,198098,-384.58,-2480.61,0.00,65.40
377107,247095,197880,247614,198098,-524.95,-2404.45,0.00,65.40
377147,247139,197893,247616,198097,-456.91,-2289.08,0.00,65.40
377187,247310,197974,247629,198100,-271.61,-2048.56,0.00,65.40
377227,247649,198095,247657,198110,64.02,-1587.63,0.00,65.40
377257,247984,198222,247695,198122,379.06,-966.86,0.00,65.40
377297,248346,198358,247741,198138,704.02,-210.27,0.00,65.40
377337,248653,198472,247786,198152,960.47,600.16,0.00,65.40
377377,248844,198547,247825,198166,1093.89,1355.24,1355.24,68.38
377417,248951,198594,247857,198177,1140.84,1996.87,0.00,68.38
377457,248848,198579,247872,198183,985.95,2386.26,0.00,68.38
377497,248836,198591,247882,198187,925.25,2649.20,0.00,68.38
377537,249081,198669,247904,198195,1111.73,3008.75,0.00,68.38
377577,249317,198751,247928,198203,1280.34,3431.28,0.00,68.38
377617,247997,198204,247884,198185,-37.67,2714.88,0.00,68.38
377657,246593,197636,247771,198138,-1369.59,1076.23,0.00,68.38
377697,246225,197493,247631,198082,-1650.72,-459.59,0.00,68.38
377737,246360,197551,247536,198044,-1439.94,-1519.62,0.00,68.38
377777,246751,197708,247532,198043,-996.48,-2012.89,0.00,68.38
377817,247312,197930,247580,198061,-413.70,-1941.27,0.00,68.38
377857,247839,198128,247655,198089,107.62,-1466.92,0.00,68.38
377897,247864,198128,247722,198113,126.00,-1072.73,0.00,68.38
377937,247618,198027,247765,198127,-114.00,-949.39,0.00,68.38
377977,247483,197982,247784,198131,-236.55,-948.75,0.00,68.38
378017,247622,198034,247799,198135,-92.67,-833.13,0.00,68.38
378057,247910,198159,247825,198144,185.56,-518.06,0.00,68.38
378097,248166,198267,247867,198159,419.48,-78.86,0.00,68.38
378137,248438,198360,247919,198178,656.91,462.44,0.00,68.38
378177,248748,198490,247977,198199,918.56,1104.80,1104.80,69.16
378217,249030,198587,248032,198218,1140.53,1796.27,0.00,69.16
378257,249288,198680,248084,198237,1328.61,2499.90,0.00,69.16
378297,249490,198746,248130,198252,1454.08,3163.18,0.00,69.16
378337,249776,198850,248175,198267,1653.08,3853.01,0.00,69.16
378377,250051,198952,248223,198283,1831.67,4547.74,0.00,69.16
378417,248778,198417,248216,198276,530.73,4062.78,0.00,69.16
378457,247069,197733,248145,198242,-1119.36,2354.74,0.00,69.16
378497,246696,197599,248060,198203,-1417.73,749.60,0.00,69.16
378537,246816,197652,247969,198162,-1232.84,-386.59,0.00,69.16
378577,247103,197774,247880,198123,-898.55,-1028.11,0.00,69.16
378617,247469,197931,247859,198112,-505.92,-1227.23,0.00,69.16
378657,247943,198123,247913,198132,-30.33,-1006.04,0.00,69.16
378697,247926,198122,247981,198157,-44.97,-840.81,0.00,69.16
378737,247638,198015,248032,198175,-316.31,-925.70,0.00,69.16
378777,247431,197945,248060,198185,-497.14,-1138.27,0.00,69.16
378817,247489,197960,248067,198186,-417.19,-1244.37,0.00,69.16
378857,247706,198048,248061,198183,-190.17,-1147.63,0.00,69.16
378897,247969,198156,248066,198184,69.19,-862.75,0.00,69.16
378937,248272,198272,248092,198194,353.58,-407.34,0.00,69.16
378977,248533,198371,248134,198209,583.84,141.20,0.00,69.16
379017,248789,198464,248180,198226,797.84,751.24,0.00,69.16
379057,249023,198568,248225,198243,980.25,1385.19,1385.19,71.64
379097,249153,198608,248264,198256,1054.73,1951.94,0.00,71.64
379137,249388,198698,248302,198270,1225.25,2541.75,0.00,71.64
379177,249254,198628,248323,198275,1036.69,2862.75,0.00,71.64
379217,247500,197922,248262,198249,-681.45,1745.04,0.00,71.64
379257,246512,197521,248150,198203,-1585.98,127.24,0.00,71.64
379297,246335,197456,248024,198151,-1674.83,-1238.07,0.00,71.64
379337,246477,197533,247892,198098,-1456.19,-2155.40,0.00,71.64
379377,246711,197624,247759,198045,-1161.08,-2653.19,0.00,71.64
379417,247031,197755,247689,198019,-799.03,-2761.77,0.00,71.64
379457,247390,197897,247702,198025,-418.03,-2543.84,0.00,71.64
379497,247379,197893,247729,198037,-407.58,-2361.14,0.00,71.64
379537,247269,197836,247747,198044,-491.70,-2282.27,0.00,71.64
379577,247299,197836,247755,198047,-438.62,-2176.72,0.00,71.64
379617,247502,197917,247756,198046,-223.84,-1920.45,0.00,71.64
379657,247852,198057,247753,198044,119.84,-1440.48,0.00,71.64
379697,248290,198222,247767,198048,529.95,-728.43,0.00,71.64
379737,248685,198367,247809,198062,878.70,120.22,0.00,71.64
379777,249081,198513,247875,198084,1210.97,1064.95,0.00,71.64
379817,249362,198622,247950,198111,1417.38,1985.86,1985.86,74.30
379857,249556,198688,248024,198136,1530.81,2813.34,0.00,74.30
379897,249641,198729,248091,198159,1535.02,3478.68,0.00,74.30
379937,249691,198753,248148,198179,1505.77,3987.56,0.00,74.30
379977,249850,198797,248200,198196,1581.53,4455.27,0.00,74.30
380017,249876,198800,248244,198209,1527.16,4785.94,0.00,74.30
380057,248217,198126,248212,198191,-125.25,3728.55,0.00,74.30
380097,246497,197452,248105,198145,-1752.98,1580.46,0.00,74.30
380137,245968,197252,247969,198087,-2167.89,-469.95,0.00,74.30
380177,245907,197265,247835,198033,-2117.45,-2069.92,0.00,74.30
380217,246056,197324,247777,198009,-1870.03,-3151.96,0.00,74.30
380257,246257,197422,247767,198005,-1585.58,-3790.03,0.00,74.30
380297,246563,197540,247776,198008,-1215.59,-4004.50,0.00,74.30
380337,246712,197601,247785,198011,-1013.27,-4014.21,0.00,74.30
380377,246578,197535,247780,198007,-1089.91,-4083.30,0.00,74.30
380417,246506,197508,247759,197998,-1103.81,-4149.69,0.00,74.30
380457,246590,197533,247727,197983,-968.83,-4094.81,0.00,74.30
380497,246756,197606,247702,197972,-762.69,-3886.00,0.00,74.30
380537,246932,197674,247688,197965,-557.36,-3554.69,0.00,74.30
380577,247209,197788,247685,197963,-266.34,-3056.82,0.00,74.30
380617,247432,197886,247682,197962,-41.17,-2478.40,0.00,74.30
380657,247643,197964,247674,197958,161.34,-1853.64,0.00,74.30
380697,247902,198061,247658,197952,399.33,-1163.45,0.00,74.30
380737,248065,198100,247633,197941,534.22,-503.39,0.00,74.30
380777,248220,198150,247599,197927,654.75,121.09,0.00,74.30
380817,248425,198237,247561,197911,816.77,750.29,0.00,74.30
380857,248546,198290,247521,197895,890.88,1312.93,1312.93,68.97
380897,248775,198371,247486,197881,1063.88,1901.44,0.00,68.97
380937,249086,198473,247462,197870,1306.12,2566.05,0.00,68.97
380977,248570,198254,247411,197848,750.62,2653.34,0.00,68.97
381017,246605,197449,247280,197794,-1153.66,1199.75,0.00,68.97
381057,245692,197107,247179,197753,-1963.33,-610.86,0.00,68.97
381097,245452,197049,247137,197737,-2093.16,-2163.22,0.00,68.97
381137,245550,197110,247121,197731,-1895.39,-3246.88,0.00,68.97
381177,245741,197189,247114,197728,-1619.17,-3892.85,0.00,68.97
381217,245933,197277,247109,197726,-1355.81,-4198.93,0.00,68.97
381257,246203,197382,247107,197725,-1031.52,-4184.35,0.00,68.97
381297,246252,197391,247095,197719,-933.39,-4094.20,0.00,68.97
381337,246163,197359,247073,197709,-971.27,-4052.37,0.00,68.97
381377,246179,197355,247057,197702,-907.50,-3967.90,0.00,68.97
381417,246313,197414,247049,197698,-734.83,-3762.18,0.00,68.97
381457,246555,197513,247047,197697,-468.19,-3384.29,0.00,68.97
381497,246838,197626,247051,197698,-175.92,-2848.17,0.00,68.97
381537,247008,197686,247054,197699,-5.62,-2283.04,0.00,68.97
381577,247322,197803,247058,197699,292.95,-1592.07,0.00,68.97
381607,247514,197877,247062,197699,460.70,-905.09,0.00,68.97
381647,247591,197898,247060,197696,510.81,-315.42,0.00,68.97
381687,247847,197992,247057,197694,728.47,330.44,0.00,68.97
381727,248063,198064,247057,197692,897.25,982.15,982.15,67.61
381767,248295,198157,247060,197692,1072.78,1643.94,0.00,67.61
381807,248485,198227,247063,197692,1199.64,2274.87,0.00,67.61
381847,248584,198268,247064,197691,1233.70,2806.86,0.00,67.61
381887,248825,198340,247066,197690,1400.97,3366.26,0.00,67.61
381927,248977,198405,247062,197687,1475.31,3873.26,0.00,67.61
381967,247400,197758,247015,197667,-96.61,3021.32,0.00,67.61
382007,246003,197195,246991,197657,-1418.92,1281.92,0.00,67.61
382047,245621,197043,246988,197655,-1710.88,-343.17,0.00,67.61
382087,245695,197090,246998,197656,-1555.03,-1518.56,0.00,67.61
382127,245893,197165,247012,197658,-1289.17,-2246.18,0.00,67.61
382167,246123,197261,247027,197661,-1006.22,-2601.92,0.00,67.61
382207,246517,197421,247050,197667,-581.61,-2546.83,0.00,67.61
382247,246662,197471,247069,197671,-414.78,-2369.29,0.00,67.61
382287,246587,197446,247082,197673,-465.30,-2267.67,0.00,67.61
382327,246460,197394,247094,197674,-562.69,-2264.28,0.00,67.61
382367,246495,197409,247106,197676,-501.30,-2212.46,0.00,67.61
382407,246768,197506,247125,197680,-216.88,-1943.47,0.00,67.61
382447,247130,197644,247148,197685,137.88,-1444.48,0.00,67.61
382487,247501,197796,247174,197692,483.44,-768.83,0.00,67.61
382527,247767,197903,247205,197701,711.97,-45.49,0.00,67.61
382567,247840,197947,247225,197707,745.72,560.18,0.00,67.61
382607,247855,197957,247239,197710,722.69,1026.30,1026.30,67.61
382647,248133,198043,247261,197716,950.66,1581.56,0.00,67.61
382687,248515,198178,247287,197723,1266.02,2278.06,0.00,67.61
382727,248832,198300,247318,197732,1503.86,3025.54,0.00,67.61
382767,249049,198373,247348,197741,1634.81,3728.28,0.00,67.61
382807,249296,198466,247381,197751,1787.72,4412.80,0.00,67.61
382847,249508,198556,247418,197762,1899.73,5050.03,0.00,67.61
382887,249312,198466,247437,197767,1618.55,5334.86,0.00,67.61
382927,247354,197671,247372,197738,-322.48,4009.90,0.00,67.61
382967,246123,197177,247321,197715,-1475.81,2027.27,0.00,67.61
383007,245858,197083,247315,197710,-1653.77,298.80,0.00,67.61
383047,246051,197172,247332,197715,-1387.73,-871.15,0.00,67.61
383087,246397,197309,247361,197724,-989.64,-1488.63,0.00,67.61
383127,246778,197465,247396,197736,-578.20,-1653.47,0.00,67.61
383167,247130,197606,247436,197750,-214.89,-1494.68,0.00,67.61
383207,247154,197612,247462,197758,-181.34,-1340.82,0.00,67.61
383247,246944,197527,247473,197760,-371.78,-1370.08,0.00,67.61
383287,246861,197494,247484,197762,-432.05,-1441.70,0.00,67.61
383327,247032,197563,247507,197768,-248.00,-1351.76,0.00,67.61
383367,247322,197671,247540,197779,39.91,-1049.49,0.00,67.61
383407,247684,197810,247577,197791,381.81,-534.14,0.00,67.61
383447,248053,197962,247613,197804,713.27,143.30,0.00,67.61
383487,248345,198074,247647,197815,955.00,878.64,0.00,67.61
383527,248567,198167,247679,197825,1118.16,1597.44,1597.44,64.69
383567,248787,198238,247717,197837,1271.25,2294.95,0.00,64.69
383607,249006,198324,247763,197852,1415.73,2968.55,0.00,64.69
383647,249259,198416,247808,197867,1585.30,3643.08,0.00,64.69
383687,249450,198480,247846,197879,1687.48,4264.45,0.00,64.69
383727,249674,198552,247879,197889,1815.91,4864.28,0.00,64.69
383767,250032,198687,247919,197901,2065.20,5543.59,0.00,64.69
383807,249131,198295,247912,197895,1106.00,5319.67,0.00,64.69
383847,247045,197469,247813,197851,-931.00,3510.94,0.00,64.69
383887,246508,197258,247701,197803,-1394.59,1693.07,0.00,64.69
383927,246579,197284,247670,197787,-1257.41,348.53,0.00,64.69
383967,246893,197415,247701,197797,-896.23,-438.16,0.00,64.69
384007,247276,197577,247758,197817,-487.58,-740.59,0.00,64.69
384047,247782,197791,247827,197841,17.50,-578.47,0.00,64.69
384087,248106,197900,247895,197865,324.42,-203.24,0.00,64.69
384127,248020,197861,247945,197881,226.50,18.61,0.00,64.69
384167,247951,197815,247978,197889,149.62,134.59,0.00,64.69
384207,248125,197878,248017,197900,307.44,353.62,353.62,71.64
384247,248565,198038,248082,197920,710.06,850.95,0.00,71.64
384287,249308,198305,248180,197953,1380.41,1785.08,0.00,71.64
384327,250044,198603,248300,197994,2010.58,3036.53,0.00,71.64
384367,250493,198765,248427,198038,2336.59,4298.50,0.00,71.64
384407,250782,198889,248551,198081,2494.31,5434.25,0.00,71.64
384447,250961,198931,248667,198120,2539.64,6379.11,0.00,71.64
384487,251079,198980,248776,198156,2524.77,7123.10,0.00,71.64
384527,251177,199023,248881,198190,2491.62,7691.78,0.00,71.64
384567,251225,199049,248978,198223,2412.64,8083.54,0.00,71.64
384607,251300,199072,249070,198253,2363.27,8357.44,0.00,71.64
384647,251354,199092,249154,198280,2296.41,8523.08,0.00,71.64
384687,249908,198504,249172,198281,807.89,7464.77,0.00,71.64
384727,247500,197550,249085,198241,-1520.11,4755.73,0.00,71.64
384767,246986,197367,248963,198188,-1932.41,2258.66,0.00,71.64
384807,247100,197406,248882,198152,-1727.48,424.94,0.00,71.64
384847,247419,197548,248897,198156,-1338.06,-730.50,0.00,71.64
384887,247738,197666,248946,198172,-968.11,-1358.89,0.00,71.64
384927,248231,197883,249012,198196,-451.36,-1448.20,0.00,71.64
384967,248484,197989,249076,198219,-188.44,-1309.31,0.00,71.64
385007,248313,197911,249118,198232,-341.47,-1320.62,0.00,71.64
385047,248158,197848,249133,198234,-471.64,-1433.81,0.00,71.64
385087,248284,197878,249140,198234,-328.36,-1409.73,0.00,71.64
385127,248510,197970,249159,198238,-97.23,-1205.57,0.00,71.64
385167,248841,198095,249195,198249,222.08,-786.80,0.00,71.64
385207,249222,198263,249239,198265,572.92,-171.10,0.00,71.64
385247,249504,198381,249276,198278,812.17,512.86,0.00,71.64
385287,249742,198482,249294,198285,997.66,1208.41,1208.41,67.42
385327,250012,198553,249292,198283,1204.27,1930.14,0.00,67.42
385367,250247,198641,249283,198278,1367.30,2637.95,0.00,67.42
385407,250451,198715,249269,198271,1492.73,3304.55,0.00,67.42
385447,250663,198801,249257,198266,1619.50,3939.24,0.00,67.42
385487,250839,198873,249248,198262,1705.72,4515.97,0.00,67.42
385527,251070,198973,249244,198260,1839.88,5084.67,0.00,67.42
385567,251169,199007,249241,198258,1841.94,5541.29,0.00,67.42
385607,249380,198292,249165,198227,50.30,4473.27,0.00,67.42
385647,247314,197481,249003,198163,-1914.92,2046.68,0.00,67.42
385687,246905,197322,248883,198115,-2207.72,-128.83,0.00,67.42
385727,246988,197354,248862,198107,-2018.48,-1717.85,0.00,67.42
385767,247254,197462,248873,198111,-1664.86,-2706.17,0.00,67.42
385807,247596,197619,248893,198120,-1256.72,-3170.31,0.00,67.42
385847,248230,197856,248925,198132,-591.58,-3009.51,0.00,67.42
385887,248571,197992,248959,198145,-238.05,-2598.05,0.00,67.42
385927,248515,197951,248970,198148,-279.34,-2301.91,0.00,67.42
385957,248298,197853,248963,198142,-471.53,-2218.76,0.00,67.42
385997,248339,197868,248964,198141,-409.00,-2102.20,0.00,67.42
386037,248580,197965,248980,198145,-159.59,-1809.44,0.00,67.42
386077,248789,198060,249001,198153,46.94,-1410.00,0.00,67.42
386117,249043,198151,249022,198160,285.89,-899.29,0.00,67.42
386157,249231,198234,249038,198165,450.20,-359.27,0.00,67.42
386197,249361,198297,249043,198167,551.19,153.54,0.00,67.42
386237,249539,198360,249045,198166,692.73,677.02,0.00,67.42
386277,249686,198425,249042,198164,797.75,1179.81,1179.81,65.40
386317,249843,198480,249036,198161,907.02,1669.46,0.00,65.40
386357,249951,198530,249024,198156,964.27,2106.98,0.00,65.40
386397,250098,198583,249010,198151,1055.70,2530.15,0.00,65.40
386437,250255,198636,248993,198144,1152.06,2945.77,0.00,65.40
386477,249557,198366,248942,198124,431.36,2701.70,0.00,65.40
386517,247428,197524,248796,198066,-1612.77,871.15,0.00,65.40
386557,246627,197224,248615,197995,-2293.08,-1137.54,0.00,65.40
386597,246570,197189,248502,197951,-2232.58,-2696.10,0.00,65.40
386637,246792,197279,248481,197943,-1910.05,-3684.92,0.00,65.40
386677,247032,197373,248486,197945,-1586.55,-4217.17,0.00,65.40
386717,247363,197511,248501,197951,-1192.77,-4327.95,0.00,65.40
386757,247666,197628,248518,197958,-845.28,-4138.58,0.00,65.40
386797,247650,197606,248520,197957,-818.22,-3965.44,0.00,65.40
386837,247564,197564,248493,197945,-859.00,-3859.55,0.00,65.40
386877,247624,197589,248456,197929,-759.05,-3694.88,0.00,65.40
386917,247805,197655,248427,197918,-549.14,-3395.22,0.00,65.40
386957,248071,197765,248418,197914,-268.98,-2931.36,0.00,65.40
386997,248313,197871,248417,197914,-25.64,-2365.60,0.00,65.40
387037,248559,197958,248416,197914,209.34,-1725.01,0.00,65.40
387077,248878,198083,248420,197915,501.92,-978.47,0.00,65.40
387117,249139,198177,248424,197916,724.78,-202.95,0.00,65.40
387157,249312,198257,248427,197917,852.89,519.95,0.00,65.40
387197,249432,198294,248430,197917,924.25,1155.36,1155.36,65.40
387237,249510,198324,248429,197915,952.14,1686.00,0.00,65.40
387277,249593,198348,248425,197912,983.39,2135.51,0.00,65.40
387317,249764,198419,248422,197910,1096.67,2585.75,0.00,65.40
387357,249983,198493,248423,197908,1249.89,3068.51,0.00,65.40
387397,249885,198450,248414,197903,1094.30,3330.25,0.00,65.40
387437,247907,197668,248320,197864,-839.52,1992.59,0.00,65.40
387477,246865,197250,248213,197819,-1787.44,164.12,0.00,65.40
387517,246755,197204,248186,197807,-1802.56,-1310.76,0.00,65.40
387557,246929,197282,248198,197809,-1547.14,-2286.32,0.00,65.40
387597,247187,197378,248223,197817,-1224.69,-2808.80,0.00,65.40
387637,247437,197474,248248,197824,-925.95,-2987.81,0.00,65.40
387677,247787,197620,248279,197834,-547.16,-2827.97,0.00,65.40
387717,247776,197607,248295,197838,-530.25,-2686.58,0.00,65.40
387757,247632,197551,248294,197835,-640.53,-2661.69,0.00,65.40
387797,247555,197518,248290,197831,-681.66,-2674.67,0.00,65.40
387837,247697,197573,248295,197832,-512.67,-2549.88,0.00,65.40
387877,247961,197672,248309,197835,-236.23,-2228.89,0.00,65.40
387917,248236,197775,248326,197840,36.83,-1753.65,0.00,65.40
387957,248533,197884,248345,197845,317.14,-1149.21,0.00,65.40
387997,248812,197989,248364,197849,566.33,-466.30,0.00,65.40
388037,249053,198074,248384,197854,766.97,240.53,0.00,65.40
388077,249226,198147,248398,197857,892.97,906.80,0.00,65.40
388117,249378,198194,248408,197857,992.72,1519.62,1519.62,61.38
388157,249543,198251,248417,197857,1099.83,2095.56,0.00,61.38
388197,249658,198306,248426,197858,1154.09,2599.72,0.00,61.38
388237,249759,198347,248436,197858,1192.34,3033.65,0.00,61.38
388277,249940,198419,248450,197861,1304.67,3470.66,0.00,61.38
388317,249680,198298,248446,197856,992.44,3570.48,0.00,61.38
388357,247709,197506,248356,197817,-929.64,2112.67,0.00,61.38
388397,246803,197156,248232,197765,-1743.86,295.05,0.00,61.38
388437,246740,197133,248186,197744,-1716.52,-1137.17,0.00,61.38
388477,246954,197235,248189,197743,-1427.39,-2051.65,0.00,61.38
388517,247220,197341,248208,197749,-1103.33,-2523.98,0.00,61.38
388557,247571,197495,248233,197757,-714.72,-2590.96,0.00,61.38
388597,247839,197600,248259,197766,-424.38,-2412.27,0.00,61.38
388637,247757,197553,248272,197769,-481.06,-2314.67,0.00,61.38
388677,247576,197476,248264,197764,-628.95,-2354.90,0.00,61.38
388717,247523,197453,248254,197757,-647.86,-2402.20,0.00,61.38
388757,247650,197510,248254,197756,-494.81,-2317.61,0.00,61.38
388797,247869,197603,248267,197759,-262.02,-2063.70,0.00,61.38
388837,248118,197701,248284,197764,-12.36,-1660.85,0.00,61.38
388877,248377,197796,248300,197769,234.31,-1141.23,0.00,61.38
388917,248660,197911,248317,197775,491.45,-519.82,0.00,61.38
388957,248853,197989,248330,197779,650.23,104.33,0.00,61.38
388997,248953,198023,248336,197780,712.72,653.64,0.00,61.38
389037,249043,198063,248335,197780,762.58,1132.97,1132.97,64.00
389077,249146,198080,248332,197777,822.30,1564.22,0.00,64.00
389117,249302,198163,248329,197776,929.38,1994.87,0.00,64.00
389157,249267,198142,248318,197771,849.66,2275.62,0.00,64.00
389197,247930,197620,248249,197744,-462.97,1450.12,0.00,64.00
389237,246622,197097,248124,197694,-1682.42,-185.84,0.00,64.00
389277,246274,196966,247977,197636,-1928.91,-1691.80,0.00,64.00
389317,246338,196998,247843,197584,-1771.66,-2770.76,0.00,64.00
389357,246589,197092,247798,197567,-1444.62,-3372.31,0.00,64.00
389397,246848,197199,247800,197569,-1126.34,-3598.92,0.00,64.00
389437,247221,197320,247820,197577,-715.67,-3451.68,0.00,64.00
389477,247355,197364,247836,197582,-552.59,-3203.42,0.00,64.00
389517,247166,197314,247833,197581,-704.52,-3126.34,0.00,64.00
389557,247088,197276,247814,197572,-743.39,-3095.79,0.00,64.00
389597,247156,197302,247787,197560,-641.62,-2989.93,0.00,64.00
389637,247323,197341,247769,197551,-450.89,-2752.66,0.00,64.00
389677,247570,197451,247769,197550,-193.70,-2357.09,0.00,64.00
389717,247803,197537,247780,197554,37.33,-1855.81,0.00,64.00
389757,248031,197625,247796,197558,252.06,-1283.00,0.00,64.00
389797,248255,197713,247811,197563,452.27,-664.58,0.00,64.00
389837,248449,197794,247824,197567,613.95,-40.51,0.00,64.00
389877,248595,197861,247833,197569,721.95,545.16,0.00,64.00
389917,248683,197901,247834,197569,769.45,1051.69,1051.69,65.93
389957,248822,197954,247833,197567,863.03,1531.78,0.00,65.93
389997,248921,197989,247831,197566,913.92,1956.56,0.00,65.93
390037,247764,197519,247780,197544,-230.92,1380.51,0.00,65.93
390077,246323,196949,247667,197499,-1588.33,-166.25,0.00,65.93
390117,245897,196785,247531,197444,-1913.61,-1663.89,0.00,65.93
390157,245938,196809,247398,197391,-1778.98,-2754.30,0.00,65.93
390197,246122,196881,247326,197361,-1515.23,-3415.63,0.00,65.93
390237,246361,196972,247315,197356,-1212.42,-3702.44,0.00,65.93
390267,246678,197099,247331,197361,-850.66,-3642.48,0.00,65.93
390307,246815,197153,247350,197368,-677.97,-3456.36,0.00,65.93
390347,246747,197108,247357,197368,-708.67,-3332.02,0.00,65.93
390387,246720,197090,247352,197364,-698.89,-3224.73,0.00,65.93
390427,246722,197100,247332,197355,-662.05,-3109.42,0.00,65.93
390467,247005,197211,247318,197349,-360.09,-2775.61,0.00,65.93
390507,247196,197290,247319,197348,-160.64,-2349.00,0.00,65.93
390547,247378,197380,247330,197352,20.30,-1862.96,0.00,65.93
390587,247625,197484,247349,197359,253.94,-1287.22,0.00,65.93
390627,247894,197582,247372,197369,496.80,-632.34,0.00,65.93
390667,248031,197648,247391,197377,602.11,-24.18,0.00,65.93
390707,248314,197744,247411,197385,840.86,653.34,0.00,65.93
390747,248691,197863,247437,197395,1156.97,1448.25,1448.25,67.61
390787,249014,197982,247468,197405,1405.97,2283.37,0.00,67.61
390827,249182,198044,247497,197415,1495.27,3022.91,0.00,67.61
390867,249378,198138,247528,197427,1606.70,3703.69,0.00,67.61
390907,249362,198128,247556,197436,1511.17,4171.89,0.00,67.61
390947,247589,197412,247506,197414,-248.73,3138.52,0.00,67.61
390987,246224,196880,247398,197370,-1533.05,1284.38,0.00,67.61
391027,245921,196766,247325,197339,-1744.25,-367.89,0.00,67.61
391067,246047,196818,247314,197334,-1537.34,-1524.19,0.00,67.61
391107,246252,196900,247328,197339,-1265.72,-2231.93,0.00,67.61
391147,246469,197009,247349,197347,-996.28,-2582.57,0.00,67.61
391187,246790,197135,247376,197357,-641.52,-2579.27,0.00,67.61
391227,246929,197190,247398,197366,-477.39,-2445.33,0.00,67.61
391267,246820,197148,247404,197368,-557.08,-2401.92,0.00,67.61
391307,246750,197131,247402,197367,-595.72,-2398.11,0.00,67.61
391347,246783,197153,247403,197369,-534.58,-2346.15,0.00,67.61
391387,246962,197227,247413,197374,-337.80,-2147.16,0.00,67.61
391427,247249,197339,247434,197384,-48.25,-1756.33,0.00,67.61
391467,247485,197430,247453,197392,178.36,-1262.37,0.00,67.61
391507,247741,197541,247475,197402,412.64,-679.79,0.00,67.61
391547,247944,197618,247497,197412,584.86,-75.94,0.00,67.61
391587,248174,197709,247519,197421,774.11,558.53,0.00,67.61
391627,248340,197769,247537,197428,893.11,1161.31,1161.31,68.38
391667,248543,197848,247558,197436,1041.30,1762.09,0.00,68.38
391707,248746,197932,247575,197444,1182.08,2355.33,0.00,68.38
391747,248883,197985,247583,197449,1253.12,2886.77,0.00,68.38
391787,249042,198048,247584,197451,1341.52,3382.63,0.00,68.38
391827,249257,198129,247587,197455,1478.69,3889.05,0.00,68.38
391867,248650,197900,247558,197445,828.11,3773.73,0.00,68.38
391907,246613,197085,247448,197404,-1148.45,2100.22,0.00,68.38
391947,245790,196764,247376,197378,-1872.88,181.88,0.00,68.38
391987,245657,196706,247353,197371,-1905.58,-1378.96,0.00,68.38
392027,245864,196806,247351,197372,-1613.66,-2394.09,0.00,68.38
392067,246043,196885,247351,197375,-1362.92,-3005.61,0.00,68.38
392107,246344,197011,247354,197379,-1008.83,-3211.55,0.00,68.38
392147,246562,197103,247358,197383,-751.28,-3170.27,0.00,68.38
392187,246564,197100,247349,197382,-711.81,-3105.66,0.00,68.38
392227,246417,197059,247328,197377,-815.88,-3137.23,0.00,68.38
392267,246384,197048,247311,197373,-806.44,-3154.93,0.00,68.38
392307,246524,197105,247302,197372,-633.11,-3030.44,0.00,68.38
392347,246818,197225,247303,197374,-322.16,-2682.07,0.00,68.38
392387,247125,197348,247310,197379,-14.39,-2157.17,0.00,68.38
392427,247377,197452,247315,197384,225.73,-1545.15,0.00,68.38
392467,247569,197528,247318,197388,396.84,-918.64,0.00,68.38
392507,247804,197631,247321,197391,600.25,-254.72,0.00,68.38
392547,247978,197700,247322,197395,735.53,384.65,0.00,68.38
392587,248096,197748,247319,197396,810.86,956.41,956.41,67.61
392627,248222,197799,247314,197397,890.02,1477.14,0.00,67.61
392667,248459,197881,247311,197399,1070.67,2038.25,0.00,67.61
392707,248607,197954,247305,197400,1157.73,2556.79,0.00,67.61
392747,248762,198015,247301,197401,1247.09,3043.10,0.00,67.61
392787,248992,198109,247299,197403,1403.23,3557.07,0.00,67.61
392827,249215,198186,247297,197405,1544.92,4081.59,0.00,67.61
392867,247975,197691,247270,197397,289.67,3497.01,0.00,67.61
392907,246232,196995,247255,197393,-1380.66,1693.09,0.00,67.61
392947,245720,196801,247252,197395,-1798.02,-83.94,0.00,67.61
392987,245742,196815,247255,197399,-1687.22,-1416.93,0.00,67.61
393027,245987,196915,247260,197404,-1370.11,-2229.63,0.00,67.61
393067,246192,197009,247266,197409,-1106.86,-2669.19,0.00,67.61
393107,246489,197144,247272,197414,-769.36,-2750.84,0.00,67.61
393147,246647,197199,247275,197418,-580.80,-2665.31,0.00,67.61
393187,246573,197169,247276,197421,-622.06,-2629.90,0.00,67.61
393227,246486,197146,247279,197424,-673.61,-2642.81,0.00,67.61
393267,246542,197170,247285,197429,-586.73,-2583.63,0.00,67.61
393307,246737,197259,247293,197435,-372.14,-2364.62,0.00,67.61
393347,246984,197358,247300,197440,-118.89,-1986.81,0.00,67.61
393387,247259,197470,247305,197445,148.30,-1470.81,0.00,67.61
393427,247551,197576,247312,197450,418.28,-842.02,0.00,67.61
393467,247860,197687,247324,197457,690.92,-120.88,0.00,67.61
393507,248143,197791,247338,197463,925.22,643.47,0.00,67.61
393547,248333,197876,247352,197470,1059.45,1362.34,1362.34,66.12
393587,248448,197932,247366,197477,1115.73,1982.46,0.00,66.12
393627,248637,197996,247382,197485,1239.50,2577.57,0.00,66.12
393667,248821,198066,247397,197493,1352.33,3143.92,0.00,66.12
393707,248960,198116,247411,197499,1416.77,3648.55,0.00,66.12
393747,249086,198156,247424,197505,1465.62,4091.34,0.00,66.12
393787,249293,198245,247436,197510,1589.00,4544.27,0.00,66.12
393827,249457,198313,247446,197515,1665.34,4967.69,0.00,66.12
393867,248625,197995,247472,197527,791.67,4607.49,0.00,66.12
393907,246567,197181,247485,197535,-1203.02,2723.58,0.00,66.12
393947,245873,196886,247491,197538,-1802.17,737.13,0.00,66.12
393987,245790,196862,247493,197540,-1790.91,-843.02,0.00,66.12
394027,246037,196972,247495,197542,-1466.70,-1847.78,0.00,66.12
394067,246317,197070,247500,197545,-1127.38,-2380.13,0.00,66.12
394107,246684,197241,247508,197549,-722.36,-2481.99,0.00,66.12
394147,246955,197352,247520,197555,-428.80,-2328.63,0.00,66.12
394187,246892,197329,247533,197561,-467.20,-2236.66,0.00,66.12
394227,246717,197269,247542,197566,-610.09,-2277.41,0.00,66.12
394267,246722,197274,247549,197570,-574.84,-2281.80,0.00,66.12
394307,246819,197317,247553,197573,-453.95,-2188.60,0.00,66.12
394347,247062,197408,247556,197575,-200.41,-1911.21,0.00,66.12
394387,247301,197511,247558,197576,36.66,-1499.64,0.00,66.12
394427,247392,197571,247551,197576,121.27,-1102.70,0.00,66.12
394467,247649,197670,247543,197575,359.36,-594.67,0.00,66.12
394507,247923,197779,247534,197575,601.69,5.61,0.00,66.12
394547,248154,197846,247527,197574,791.05,637.33,0.00,66.12
394577,248399,197940,247525,197574,984.25,1297.26,1297.26,62.66
394617,248537,197998,247521,197574,1066.14,1890.72,0.00,62.66
394657,248730,198064,247517,197574,1196.19,2469.53,0.00,62.66
394697,248932,198142,247516,197575,1328.28,3038.25,0.00,62.66
394737,249088,198210,247516,197577,1410.06,3558.65,0.00,62.66
394777,249293,198295,247516,197579,1534.31,4074.37,0.00,62.66
394817,248834,198104,247491,197571,1021.55,4076.73,0.00,62.66
394857,246880,197336,247421,197545,-885.83,2552.72,0.00,62.66
394897,245998,196982,247399,197537,-1679.44,698.63,0.00,62.66
394937,245886,196943,247399,197539,-1701.86,-802.58,0.00,62.66
394977,246111,197024,247412,197545,-1403.02,-1764.48,0.00,62.66
395017,246435,197158,247428,197553,-1025.06,-2231.63,0.00,62.66
395057,246840,197324,247449,197563,-589.06,-2256.56,0.00,62.66
395097,247091,197430,247465,197571,-321.16,-2062.17,0.00,62.66
395137,246988,197382,247466,197572,-402.95,-1972.10,0.00,62.66
395177,246768,197295,247461,197570,-591.81,-2051.13,0.00,62.66
395217,246783,197299,247464,197572,-547.97,-2079.28,0.00,62.66
395257,246959,197364,247474,197575,-353.38,-1946.12,0.00,62.66
395297,247181,197465,247488,197581,-124.81,-1656.75,0.00,62.66
395337,247434,197562,247503,197587,121.78,-1227.97,0.00,62.66
395377,247729,197672,247520,197594,395.94,-665.63,0.00,62.66
395417,247969,197776,247543,197602,604.14,-49.19,0.00,62.66
395457,248127,197840,247562,197609,724.03,539.87,0.00,62.66
395497,248293,197906,247577,197614,845.53,1108.32,1108.32,62.02
395537,248511,197981,247591,197619,1010.36,1694.95,0.00,62.02
395577,248712,198055,247604,197624,1150.80,2276.59,0.00,62.02
395617,248861,198123,247617,197629,1234.81,2809.13,0.00,62.02
395657,249045,198184,247629,197634,1347.88,3325.60,0.00,62.02
395697,249204,198256,247640,197638,1431.53,3805.71,0.00,62.02
395737,249181,198247,247644,197640,1338.11,4115.05,0.00,62.02
395777,247506,197564,247573,197610,-320.05,3036.00,0.00,62.02
395817,246187,197050,247467,197568,-1557.09,1183.13,0.00,62.02
395857,245815,196901,247424,197551,-1832.64,-519.61,0.00,62.02
395897,245949,196953,247422,197550,-1613.70,-1706.65,0.00,62.02
395937,246149,197048,247433,197554,-1343.02,-2439.73,0.00,62.02
395977,246460,197176,247447,197560,-980.42,-2736.12,0.00,62.02
396017,246791,197306,247461,197566,-616.95,-2682.46,0.00,62.02
396057,246824,197328,247460,197566,-554.75,-2589.77,0.00,62.02
396097,246653,197263,247443,197559,-689.47,-2623.39,0.00,62.02
396137,246581,197222,247426,197553,-723.39,-2677.42,0.00,62.02
396177,246702,197267,247424,197552,-572.27,-2599.75,0.00,62.02
396217,246888,197354,247428,197554,-366.95,-2373.36,0.00,62.02
396257,247145,197460,247435,197558,-104.45,-1982.25,0.00,62.02
396297,247457,197578,247446,197562,197.17,-1428.07,0.00,62.02
396337,247796,197713,247461,197568,509.36,-734.97,0.00,62.02
396377,248115,197826,247476,197575,786.94,41.58,0.00,62.02
396417,248370,197916,247492,197580,989.84,825.14,0.00,62.02
396457,248576,198003,247510,197587,1136.05,1568.95,1568.95,62.02
396497,248726,198063,247528,197593,1221.75,2232.56,0.00,62.02
396537,248909,198123,247544,197599,1334.52,2853.66,0.00,62.02
396577,249060,198186,247558,197604,1411.23,3411.91,0.00,62.02
396617,249247,198260,247573,197609,1518.33,3944.19,0.00,62.02
396657,249433,198332,247588,197615,1619.11,4450.64,0.00,62.02
396697,248922,198118,247577,197610,1052.70,4402.68,0.00,62.02
396737,246817,197271,247483,197571,-999.69,2722.39,0.00,62.02
396777,245929,196918,247420,197545,-1793.30,743.28,0.00,62.02
396817,245794,196868,247404,197538,-1831.88,-870.88,0.00,62.02
396857,245904,196909,247407,197538,-1635.78,-2005.33,0.00,62.02
396897,246163,197015,247416,197540,-1307.94,-2650.61,0.00,62.02
396937,246452,197154,247428,197545,-967.98,-2894.88,0.00,62.02
396977,246768,197279,247440,197549,-619.39,-2811.41,0.00,62.02
397017,246765,197277,247439,197548,-591.27,-2722.14,0.00,62.02
397057,246565,197208,247429,197543,-751.70,-2779.08,0.00,62.02
397097,246543,197204,247425,197540,-735.02,-2811.27,0.00,62.02
397137,246660,197242,247428,197541,-587.11,-2718.71,0.00,62.02
397177,246907,197352,247436,197545,-323.11,-2433.45,0.00,62.02
397217,247128,197449,247446,197548,-97.00,-2024.36,0.00,62.02
397257,247407,197557,247456,197552,172.91,-1481.17,0.00,62.02
397297,247635,197653,247463,197555,380.86,-880.24,0.00,62.02
397337,247816,197735,247464,197556,533.77,-277.18,0.00,62.02
397377,247990,197809,247459,197556,672.38,316.15,0.00,62.02
397417,248141,197865,247450,197554,782.20,878.69,878.69,62.02
397457,248307,197925,247439,197550,900.80,1423.59,0.00,62.02
397497,248424,197984,247427,197547,966.91,1912.39,0.00,62.02
397537,248535,198021,247412,197543,1024.02,2349.13,0.00,62.02
397577,248763,198111,247400,197540,1189.42,2830.84,0.00,62.02
397617,248963,198190,247389,197537,1319.95,3320.63,0.00,62.02
397657,248106,197845,247336,197518,439.81,3008.36,0.00,62.02
397697,246309,197115,247231,197478,-1289.33,1375.22,0.00,62.02
397737,245557,196812,247181,197459,-1939.27,-451.23,0.00,62.02
397777,245435,196765,247161,197453,-1958.20,-1927.55,0.00,62.02
397817,245639,196860,247155,197453,-1666.50,-2875.24,0.00,62.02
397857,245850,196945,247153,197454,-1382.72,-3406.37,0.00,62.02
397897,246157,197088,247152,197457,-1021.94,-3542.64,0.00,62.02
397937,246406,197210,247151,197460,-734.30,-3421.55,0.00,62.02
397977,246397,197198,247136,197456,-706.12,-3302.14,0.00,62.02
398017,246258,197152,247115,197451,-802.88,-3284.01,0.00,62.02
398057,246276,197145,247104,197449,-745.62,-3223.71,0.00,62.02
398097,246423,197205,247099,197449,-568.69,-3033.92,0.00,62.02
398137,246592,197265,247096,197450,-379.70,-2730.90,0.00,62.02
398177,246791,197376,247092,197451,-171.67,-2322.06,0.00,62.02
398217,247064,197490,247089,197452,96.27,-1780.63,0.00,62.02
398257,247315,197574,247085,197453,329.91,-1160.58,0.00,62.02
398297,247595,197658,247084,197453,579.41,-464.94,0.00,62.02
398337,247943,197791,247089,197455,881.03,332.87,0.00,62.02
398377,248260,197907,247100,197459,1138.12,1176.80,0.00,62.02
398417,248501,198006,247114,197465,1310.17,1989.58,1989.58,62.50
398457,248708,198088,247130,197472,1441.31,2744.71,0.00,62.50
398497,248882,198158,247149,197479,1534.55,3423.41,0.00,62.50
398537,249077,198249,247170,197488,1643.06,4053.18,0.00,62.50
398577,249172,198292,247187,197495,1651.16,4563.47,0.00,62.50
398617,247594,197650,247132,197473,69.50,3706.37,0.00,62.50
398657,246044,197027,247049,197441,-1406.47,1839.92,0.00,62.50
398697,245653,196875,247023,197431,-1707.59,105.86,0.00,62.50
398737,245696,196914,247029,197435,-1581.36,-1180.40,0.00,62.50
398777,245981,197023,247050,197445,-1231.55,-1929.56,0.00,62.50
398817,246284,197150,247076,197457,-882.12,-2249.34,0.00,62.50
398857,246697,197314,247110,197472,-445.67,-2156.01,0.00,62.50
398887,246866,197384,247139,197484,-262.84,-1935.09,0.00,62.50
398927,246744,197320,247152,197488,-365.59,-1840.54,0.00,62.50
398967,246678,197296,247163,197492,-410.02,-1800.45,0.00,62.50
399007,246720,197318,247182,197499,-349.61,-1720.05,0.00,62.50
399047,246939,197415,247208,197509,-124.08,-1475.30,0.00,62.50
399087,247202,197518,247239,197522,131.97,-1074.66,0.00,62.50
399127,247473,197627,247275,197536,382.81,-553.48,0.00,62.50
399167,247723,197735,247312,197551,601.17,38.15,0.00,62.50
399207,247954,197821,247348,197564,790.56,662.97,0.00,62.50
399247,248160,197904,247381,197577,946.73,1287.77,1287.77,64.00
399287,248277,197952,247409,197589,1010.55,1838.65,0.00,64.00
399327,248374,197991,247426,197597,1052.17,2312.66,0.00,64.00
399367,248506,198039,247436,197602,1124.97,2750.10,0.00,64.00
399407,248649,198092,247442,197606,1204.56,3163.73,0.00,64.00
399447,248825,198170,247446,197609,1311.53,3580.21,0.00,64.00
399487,248955,198226,247449,197612,1369.45,3959.73,0.00,64.00
399527,247693,197699,247394,197590,102.08,3249.45,0.00,64.00
399567,246175,197092,247274,197542,-1345.12,1523.46,0.00,64.00
399607,245771,196924,247201,197513,-1661.67,-110.57,0.00,64.00
399647,245870,196976,247194,197511,-1484.53,-1276.08,0.00,64.00
399687,246222,197122,247217,197520,-1075.91,-1881.59,0.00,64.00
399727,246685,197296,247256,197536,-582.27,-1971.09,0.00,64.00
399767,247149,197488,247303,197554,-112.36,-1666.76,0.00,64.00
399807,247268,197527,247343,197569,6.31,-1328.35,0.00,64.00
399847,247038,197435,247356,197574,-212.50,-1232.68,0.00,64.00
399887,246830,197359,247355,197573,-399.47,-1305.72,0.00,64.00
399927,246909,197392,247361,197576,-304.44,-1288.13,0.00,64.00
399967,247100,197476,247378,197583,-107.77,-1116.71,0.00,64.00
400007,247355,197585,247404,197594,139.88,-781.47,0.00,64.00
400047,247635,197693,247431,197605,398.88,-306.08,0.00,64.00
400087,247912,197809,247460,197617,642.08,268.80,0.00,64.00
400127,248153,197888,247487,197627,838.92,886.18,886.18,65.40
400167,248295,197956,247510,197636,931.88,1454.44,0.00,65.40
400207,248438,198008,247529,197643,1021.12,1980.45,0.00,65.40
400247,248630,198081,247548,197651,1152.47,2506.34,0.00,65.40
400287,248831,198157,247570,197659,1285.80,3033.71,0.00,65.40
400327,249064,198243,247598,197669,1442.86,3581.25,0.00,65.40
400367,249218,198292,247626,197679,1517.02,4078.62,0.00,65.40
400407,248000,197804,247600,197667,284.06,3490.14,0.00,65.40
400447,246410,197145,247504,197626,-1240.64,1799.60,0.00,65.40
400487,245968,196983,247384,197577,-1598.52,160.87,0.00,65.40
400527,246057,197028,247319,197550,-1434.05,-1018.54,0.00,65.40
400567,246404,197165,247328,197553,-1032.69,-1640.98,0.00,65.40
400607,246837,197339,247371,197569,-569.70,-1768.55,0.00,65.40
400647,247262,197512,247426,197591,-137.47,-1524.81,0.00,65.40
400687,247404,197547,247474,197608,4.30,-1216.41,0.00,65.40
400727,247191,197467,247494,197615,-198.27,-1131.74,0.00,65.40
400767,247076,197414,247491,197612,-297.61,-1143.48,0.00,65.40
400807,247136,197455,247486,197609,-225.73,-1095.37,0.00,65.40
400847,247373,197537,247499,197613,10.70,-867.74,0.00,65.40
400887,247684,197668,247533,197625,305.62,-449.69,0.00,65.40
400927,247991,197786,247576,197641,582.00,105.85,0.00,65.40
400967,248279,197896,247624,197658,826.50,745.88,0.00,65.40
401007,248545,198003,247671,197675,1037.88,1427.00,1427.00,66.85
401047,248774,198093,247717,197691,1203.53,2104.43,0.00,66.85
401087,248993,198170,247760,197705,1351.41,2764.67,0.00,66.85
401127,249115,198224,247799,197718,1399.73,3331.52,0.00,66.85
401167,249279,198287,247838,197732,1485.55,3853.65,0.00,66.85
401207,249473,198363,247879,197746,1595.56,4359.37,0.00,66.85
401247,249730,198449,247923,197761,1759.94,4895.45,0.00,66.85
401287,249163,198212,247937,197763,1133.30,4823.00,0.00,66.85
401327,246983,197332,247853,197726,-994.38,3062.90,0.00,66.85
401367,246139,196989,247730,197674,-1746.45,1053.16,0.00,66.85
401407,246087,196978,247654,197641,-1708.53,-524.30,0.00,66.85
401447,246353,197085,247651,197639,-1370.41,-1515.77,0.00,66.85
401487,246697,197216,247681,197648,-975.08,-1992.68,0.00,66.85
401527,247096,197389,247722,197663,-547.28,-2031.97,0.00,66.85
401567,247433,197525,247763,197677,-199.77,-1785.38,0.00,66.85
401607,247428,197523,247787,197684,-194.53,-1583.93,0.00,66.85
401647,247185,197434,247784,197681,-415.66,-1599.67,0.00,66.85
401687,247106,197392,247772,197675,-469.92,-1655.67,0.00,66.85
401727,247277,197477,247775,197675,-283.97,-1551.71,0.00,66.85
401767,247539,197577,247794,197682,-20.88,-1258.07,0.00,66.85
401807,247827,197697,247821,197692,253.77,-803.44,0.00,66.85
401847,248092,197805,247850,197702,492.83,-248.49,0.00,66.85
401887,248334,197903,247876,197712,698.09,359.68,0.00,66.85
401927,248560,197992,247899,197720,877.89,990.06,990.06,68.38
401967,248789,198078,247919,197727,1051.55,1633.28,0.00,68.38
402007,248988,198142,247937,197733,1188.02,2257.04,0.00,68.38
402047,249202,198222,247954,197738,1331.92,2871.17,0.00,68.38
402087,249405,198294,247971,197743,1458.17,3463.47,0.00,68.38
402127,249625,198394,247991,197750,1594.27,4046.19,0.00,68.38
402167,249825,198471,248013,197757,1704.55,4600.59,0.00,68.38
402207,249026,198138,247995,197748,860.27,4368.68,0.00,68.38
402247,246867,197243,247881,197700,-1233.80,2507.91,0.00,68.38
402287,246173,196946,247761,197649,-1831.41,541.20,0.00,68.38
402327,246140,196945,247727,197634,-1771.19,-983.99,0.00,68.38
402367,246421,197070,247739,197637,-1415.67,-1919.73,0.00,68.38
402407,246660,197184,247761,197645,-1117.84,-2430.06,0.00,68.38
402447,246982,197323,247787,197655,-756.05,-2548.88,0.00,68.38
402487,247252,197406,247809,197662,-461.75,-2408.51,0.00,68.38
402527,247196,197390,247813,197662,-491.86,-2320.29,0.00,68.38
402567,247088,197328,247799,197654,-569.86,-2312.12,0.00,68.38
402607,247118,197346,247787,197647,-512.86,-2259.98,0.00,68.38
402647,247292,197426,247791,197647,-321.92,-2065.53,0.00,68.38
402687,247550,197539,247809,197653,-60.72,-1701.00,0.00,68.38
402727,247838,197663,247831,197660,215.92,-1188.06,0.00,68.38
402767,248011,197749,247850,197667,369.47,-654.87,0.00,68.38
402807,248029,197767,247858,197670,368.09,-229.42,0.00,68.38
402847,248146,197821,247860,197671,460.84,185.14,0.00,68.38
402887,248305,197880,247859,197670,588.84,619.18,0.00,68.38
402927,248452,197934,247855,197667,699.05,1054.59,1054.59,65.22
402967,248613,198002,247848,197664,817.05,1497.31,0.00,65.22
403007,248749,198057,247838,197661,905.39,1922.16,0.00,65.22
403047,248917,198106,247827,197656,1019.72,2353.50,0.00,65.22
403087,249188,198204,247818,197653,1226.19,2863.75,0.00,65.22
403117,249405,198297,247809,197649,1371.03,3387.83,0.00,65.22
403157,248219,197789,247745,197622,175.78,2850.89,0.00,65.22
403197,246417,197052,247641,197578,-1544.91,1044.78,0.00,65.22
403237,245872,196836,247601,197562,-1985.41,-752.50,0.00,65.22
403277,245997,196884,247594,197559,-1767.39,-2015.91,0.00,65.22
403317,246308,197011,247601,197562,-1383.58,-2719.59,0.00,65.22
403357,246639,197150,247609,197565,-999.95,-2975.64,0.00,65.22
403397,247069,197324,247626,197571,-541.45,-2813.67,0.00,65.22
403437,247288,197406,247638,197574,-306.33,-2496.00,0.00,65.22
403477,247136,197347,247633,197572,-435.41,-2345.12,0.00,65.22
403517,247059,197311,247628,197569,-486.78,-2265.52,0.00,65.22
403557,247179,197356,247631,197570,-348.44,-2091.17,0.00,65.22
403597,247433,197456,247644,197574,-89.72,-1744.71,0.00,65.22
403637,247752,197588,247662,197581,217.81,-1221.52,0.00,65.22
403677,248064,197712,247683,197588,503.33,-574.55,0.00,65.22
403717,248366,197819,247704,197594,765.06,152.41,0.00,65.22
403757,248612,197943,247728,197602,960.52,890.34,0.00,65.22
403797,248761,197992,247757,197611,1054.05,1555.51,1555.51,65.40
403837,248930,198052,247789,197620,1161.89,2173.92,0.00,65.40
403877,249112,198122,247821,197630,1276.70,2760.50,0.00,65.40
403917,249268,198179,247854,197639,1361.06,3297.25,0.00,65.40
403957,249460,198256,247888,197649,1475.41,3818.12,0.00,65.40
403997,249647,198325,247923,197660,1579.28,4317.92,0.00,65.40
404037,249980,198447,247966,197674,1816.67,4907.68,0.00,65.40
404077,250231,198554,248008,197688,1964.28,5497.57,0.00,65.40
404117,248873,197983,247986,197675,575.97,4858.83,0.00,65.40
404157,246872,197171,247933,197651,-1353.78,2804.04,0.00,65.40
404197,246406,196986,247932,197648,-1728.80,860.19,0.00,65.40
404237,246437,197009,247955,197655,-1612.91,-602.17,0.00,65.40
404277,246714,197129,247983,197665,-1269.11,-1497.02,0.00,65.40
404317,247146,197305,248017,197676,-795.25,-1833.82,0.00,65.40
404357,247642,197507,248057,197691,-284.28,-1694.48,0.00,65.40
404397,247859,197577,248089,197701,-63.92,-1406.72,0.00,65.40
404437,247804,197554,248109,197707,-112.97,-1215.75,0.00,65.40
404477,247698,197508,248132,197713,-208.02,-1139.01,0.00,65.40
404517,247788,197550,248161,197723,-112.11,-1000.90,0.00,65.40
404557,248048,197647,248196,197734,140.50,-688.32,0.00,65.40
404597,248359,197779,248233,197747,428.92,-207.52,0.00,65.40
404637,248686,197915,248270,197760,718.12,408.49,0.00,65.40
404677,249011,198031,248308,197773,990.97,1119.56,1119.56,65.40
404717,249331,198153,248347,197786,1245.42,1891.99,0.00,65.40
404757,249603,198256,248386,197799,1441.55,2666.83,0.00,65.40
404797,249818,198349,248428,197813,1573.72,3392.44,0.00,65.40
404837,250035,198424,248473,197828,1701.19,4074.90,0.00,65.40
404877,250228,198500,248517,197843,1799.48,4699.51,0.00,65.40
404917,250411,198573,248563,197859,1883.36,5266.29,0.00,65.40
404957,250655,198668,248611,197876,2020.98,5829.82,0.00,65.40
404997,250912,198770,248661,197893,2164.08,6395.12,0.00,65.40
405037,250588,198629,248686,197901,1748.08,6514.56,0.00,65.40
405077,248268,197671,248607,197865,-543.33,4776.98,0.00,65.40
405117,247019,197168,248533,197833,-1702.72,2459.41,0.00,65.40
405157,246985,197164,248538,197832,-1649.88,647.63,0.00,65.40
405197,247375,197323,248576,197846,-1196.88,-439.40,0.00,65.40
405237,247878,197524,248634,197866,-659.19,-878.87,0.00,65.40
405277,248437,197765,248703,197892,-95.17,-779.23,0.00,65.40
405317,248894,197934,248773,197917,343.73,-348.40,0.00,65.40
405357,248844,197903,248821,197933,279.05,-55.48,0.00,65.40
405397,248580,197788,248850,197941,14.30,-32.95,0.00,65.40
405437,248472,197748,248876,197949,-89.02,-97.57,0.00,65.40
405477,248546,197796,248910,197961,-14.27,-89.47,0.00,65.40
405517,248767,197888,248950,197974,196.39,85.54,0.00,65.40
405557,249120,198014,248992,197989,521.92,485.97,485.97,66.12
405597,249520,198179,249039,198005,875.83,1089.44,0.00,66.12
405637,249916,198330,249088,198021,1208.23,1838.14,0.00,66.12
405677,250288,198468,249139,198039,1501.22,2671.48,0.00,66.12
405717,250574,198580,249189,198056,1697.86,3495.48,0.00,66.12
405757,250837,198670,249238,198073,1862.81,4286.63,0.00,66.12
405797,251018,198733,249286,198088,1941.62,4982.60,0.00,66.12
405837,251225,198828,249334,198104,2041.19,5619.03,0.00,66.12
405877,251175,198795,249372,198116,1891.62,6008.53,0.00,66.12
405917,249225,197994,249324,198093,-55.45,4762.46,0.00,66.12
405957,247421,197274,249195,198037,-1766.48,2396.78,0.00,66.12
405997,247204,197183,249047,197973,-1884.31,409.97,0.00,66.12
406037,247479,197301,248922,197920,-1528.84,-895.10,0.00,66.12
406077,247950,197502,248909,197914,-1004.95,-1520.04,0.00,66.12
406117,248466,197711,248967,197935,-464.50,-1587.63,0.00,66.12
406157,249027,197937,249049,197966,91.67,-1196.77,0.00,66.12
406197,249175,197981,249121,197993,227.69,-775.26,0.00,66.12
406237,248942,197881,249164,198007,-5.05,-624.25,0.00,66.12
406277,248828,197809,249179,198009,-113.09,-589.87,0.00,66.12
406317,249017,197881,249184,198006,72.11,-414.21,0.00,66.12
406357,249368,198031,249205,198012,401.95,-9.81,0.00,66.12
406397,249794,198217,249254,198029,786.56,621.40,0.00,66.12
406437,250233,198375,249324,198054,1164.28,1428.55,1428.55,68.38
406477,250696,198544,249410,198084,1545.92,2379.58,0.00,68.38
406517,251077,198694,249503,198116,1830.58,3368.12,0.00,68.38
406557,251344,198772,249591,198146,1992.70,4288.66,0.00,68.38
406597,251540,198858,249672,198173,2079.27,5094.34,0.00,68.38
406637,251676,198919,249743,198197,2104.50,5759.07,0.00,68.38
406677,251827,198986,249804,198218,2142.72,6321.43,0.00,68.38
406717,252018,199062,249862,198237,2217.03,6830.77,0.00,68.38
406757,251837,198969,249902,198249,1934.23,7012.00,0.00,68.38
406797,249464,197984,249840,198219,-416.83,5276.14,0.00,68.38
406837,247576,197228,249694,198155,-2189.59,2469.24,0.00,68.38
406877,247384,197168,249542,198090,-2262.52,165.38,0.00,68.38
406917,247620,197281,249478,198061,-1925.19,-1407.85,0.00,68.38
406957,247920,197423,249498,198067,-1543.92,-2361.42,0.00,68.38
406997,248267,197571,249541,198083,-1137.08,-2798.79,0.00,68.38
407037,248638,197736,249587,198100,-727.78,-2821.26,0.00,68.38
407077,248685,197737,249616,198110,-646.73,-2774.40,0.00,68.38
407117,248459,197657,249616,198108,-829.09,-2882.79,0.00,68.38
407157,248371,197605,249590,198094,-871.23,-3003.22,0.00,68.38
407197,248429,197653,249560,198081,-772.58,-3020.64,0.00,68.38
407237,248652,197752,249548,198076,-522.09,-2834.19,0.00,68.38
407277,248966,197866,249554,198078,-197.69,-2425.50,0.00,68.38
407317,249331,198003,249566,198083,158.95,-1813.24,0.00,68.38
407357,249628,198127,249577,198087,433.16,-1104.06,0.00,68.38
407387,249865,198222,249580,198087,636.64,-373.94,0.00,68.38
407427,250053,198295,249572,198084,783.41,327.57,0.00,68.38
407467,250184,198342,249552,198076,868.69,957.01,0.00,68.38
407507,250310,198403,249521,198064,944.95,1521.57,1521.57,64.69
407547,250390,198434,249483,198051,973.70,1996.22,0.00,64.69
407587,250542,198485,249443,198036,1069.42,2452.51,0.00,64.69
407627,250718,198565,249405,198022,1183.16,2908.53,0.00,64.69
407667,250096,198313,249336,197995,533.09,2753.30,0.00,64.69
407707,247749,197356,249165,197927,-1723.20,824.08,0.00,64.69
407747,246820,196986,248964,197847,-2519.59,-1356.41,0.00,64.69
407787,246717,196936,248854,197805,-2491.47,-3078.30,0.00,64.69
407827,246903,197028,248827,197797,-2190.19,-4214.79,0.00,64.69
407867,247136,197115,248817,197795,-1859.33,-4859.30,0.00,64.69
407907,247483,197258,248812,197794,-1436.72,-5036.81,0.00,64.69
407947,247803,197381,248807,197793,-1060.88,-4878.15,0.00,64.69
407987,247760,197370,248787,197785,-1048.69,-4741.47,0.00,64.69
408027,247664,197317,248748,197768,-1087.45,-4663.14,0.00,64.69
408067,247660,197321,248707,197751,-1036.88,-4560.01,0.00,64.69
408107,247823,197399,248682,197741,-830.19,-4312.16,0.00,64.69
408147,248130,197510,248672,197737,-497.03,-3847.35,0.00,64.69
408187,248417,197631,248672,197736,-199.53,-3237.51,0.00,64.69
408227,248719,197748,248674,197736,97.34,-2512.13,0.00,64.69
408267,248988,197856,248675,197736,348.03,-1731.28,0.00,64.69
408307,249210,197943,248670,197733,541.53,-951.80,0.00,64.69
408347,249393,198008,248661,197728,688.30,-210.80,0.00,64.69
408387,249583,198084,248650,197723,834.38,498.86,0.00,64.69
408427,249770,198164,248638,197718,970.31,1175.34,1175.34,64.00
408467,249930,198218,248628,197713,1073.80,1799.31,0.00,64.00
408507,250126,198292,248621,197708,1206.31,2404.50,0.00,64.00
408547,250306,198367,248617,197706,1317.00,2977.20,0.00,64.00
408587,250512,198450,248616,197704,1446.84,3539.23,0.00,64.00
408627,250592,198489,248611,197701,1450.50,3991.79,0.00,64.00
408667,248929,197797,248564,197680,-201.88,3031.93,0.00,64.00
408707,247044,197036,248536,197668,-1982.53,839.52,0.00,64.00
408747,246587,196866,248527,197663,-2317.55,-1182.42,0.00,64.00
408787,246641,196893,248524,197661,-2150.38,-2666.24,0.00,64.00
408827,246836,196970,248521,197659,-1857.61,-3619.08,0.00,64.00
408867,247055,197074,248518,197657,-1556.67,-4140.60,0.00,64.00
408907,247385,197203,248514,197655,-1165.34,-4244.75,0.00,64.00
408947,247533,197270,248503,197651,-966.47,-4168.98,0.00,64.00
408987,247406,197213,248489,197644,-1038.80,-4166.22,0.00,64.00
409027,247317,197175,248475,197639,-1071.41,-4190.10,0.00,64.00
409067,247422,197214,248466,197634,-918.08,-4086.54,0.00,64.00
409107,247638,197316,248458,197631,-666.97,-3802.81,0.00,64.00
409147,247946,197429,248451,197628,-341.02,-3315.06,0.00,64.00
409187,248249,197555,248444,197625,-36.11,-2680.94,0.00,64.00
409227,248534,197655,248437,197621,236.45,-1955.59,0.00,64.00
409267,248809,197777,248430,197618,485.88,-1175.77,0.00,64.00
409307,248992,197845,248421,197614,635.44,-432.27,0.00,64.00
409347,249221,197922,248414,197610,821.22,311.16,0.00,64.00
409387,249396,197993,248407,197607,946.41,1006.06,0.00,64.00
409427,249610,198069,248400,197603,1102.39,1686.76,1686.76,62.02
409467,249785,198136,248394,197600,1213.52,2320.22,0.00,62.02
409507,250086,198251,248393,197598,1438.80,3007.21,0.00,62.02
409547,250295,198336,248392,197597,1565.41,3658.09,0.00,62.02
409587,250569,198444,248395,197597,1747.44,4324.43,0.00,62.02
409627,249764,198099,248361,197581,895.31,4175.79,0.00,62.02
409667,247485,197186,248304,197557,-1314.50,2289.03,0.00,62.02
409707,246773,196894,248293,197551,-1925.17,291.09,0.00,62.02
409747,246789,196917,248301,197553,-1813.72,-1218.10,0.00,62.02
409787,247028,197015,248316,197558,-1495.98,-2171.27,0.00,62.02
409827,247471,197171,248342,197566,-1000.33,-2537.28,0.00,62.02
409867,247913,197363,248376,197577,-530.41,-2454.15,0.00,62.02
409907,248157,197466,248407,197588,-272.08,-2180.98,0.00,62.02
409947,248059,197406,248428,197593,-351.58,-2026.05,0.00,62.02
409987,247873,197327,248447,197598,-510.70,-2029.40,0.00,62.02
410027,247839,197314,248468,197604,-517.47,-2037.50,0.00,62.02
410067,248109,197419,248495,197612,-235.09,-1818.07,0.00,62.02
410107,248479,197562,248529,197622,128.16,-1351.93,0.00,62.02
410147,248807,197691,248563,197632,433.34,-734.87,0.00,62.02
410187,249114,197814,248598,197642,703.33,-25.23,0.00,62.02
410227,249375,197917,248631,197653,916.11,712.70,0.00,62.02
410267,249562,197994,248662,197662,1047.95,1408.52,1408.52,62.66
410307,249687,198040,248689,197669,1114.31,2018.27,0.00,62.66
410347,249808,198095,248713,197676,1173.55,2553.45,0.00,62.66
410387,249964,198140,248736,197682,1263.06,3053.21,0.00,62.66
410427,250139,198211,248757,197688,1366.16,3535.49,0.00,62.66
410467,250355,198292,248780,197694,1503.05,4030.83,0.00,62.66
410507,249897,198094,248772,197688,992.80,4018.90,0.00,62.66
410547,247813,197238,248673,197644,-1036.64,2385.81,0.00,62.66
410587,247052,196929,248532,197583,-1707.77,542.44,0.00,62.66
410627,247069,196937,248424,197537,-1606.23,-851.04,0.00,62.66
410667,247376,197082,248420,197533,-1234.27,-1668.24,0.00,62.66
410707,247766,197227,248460,197546,-802.05,-1976.23,0.00,62.66
410747,248236,197405,248517,197565,-315.44,-1833.34,0.00,62.66
410787,248551,197516,248578,197586,-0.42,-1467.01,0.00,62.66
410827,248355,197440,248614,197596,-186.59,-1322.88,0.00,62.66
410867,248124,197356,248622,197596,-396.72,-1375.68,0.00,62.66
410907,248077,197343,248619,197591,-421.53,-1437.77,0.00,62.66
410947,248302,197407,248629,197591,-186.70,-1299.58,0.00,62.66
410987,248569,197518,248657,197599,76.28,-978.64,0.00,62.66
411027,248814,197609,248696,197611,305.22,-538.73,0.00,62.66
411067,249081,197723,248734,197623,543.61,3.90,0.00,62.66
411107,249303,197818,248767,197633,727.33,584.98,0.00,62.66
411147,249520,197898,248796,197641,897.11,1185.67,1185.67,65.93
411187,249684,197979,248819,197648,1008.05,1754.98,0.00,65.93
411227,249743,198005,248833,197651,1013.69,2214.93,0.00,65.93
411267,249953,198084,248849,197655,1162.50,2701.94,0.00,65.93
411307,250016,198097,248862,197657,1164.22,3092.93,0.00,65.93
411347,248526,197471,248811,197632,-309.48,2226.76,0.00,65.93
411387,247215,196935,248701,197584,-1539.45,549.84,0.00,65.93
411427,246997,196862,248575,197530,-1669.58,-895.79,0.00,65.93
411467,247204,196940,248449,197476,-1389.45,-1828.19,0.00,65.93
411507,247486,197057,248353,197435,-1052.08,-2304.22,0.00,65.93
411547,247788,197176,248352,197432,-712.58,-2413.44,0.00,65.93
411577,248166,197308,248396,197447,-317.84,-2185.02,0.00,65.93
411617,248246,197347,248443,197464,-225.95,-1928.78,0.00,65.93
411657,248098,197267,248472,197471,-355.25,-1827.23,0.00,65.93
411697,248018,197230,248482,197471,-413.48,-1792.57,0.00,65.93
411737,248097,197274,248477,197466,-317.77,-1688.27,0.00,65.93
411777,248324,197350,248468,197459,-86.23,-1419.60,0.00,65.93
411817,248531,197446,248475,197460,114.73,-1043.89,0.00,65.93
411857,248780,197546,248501,197467,345.55,-558.68,0.00,65.93
411897,249010,197630,248538,197479,546.77,-9.53,0.00,65.93
411937,249219,197708,248575,197491,717.98,566.76,0.00,65.93
411977,249393,197773,248608,197501,847.39,1131.32,1131.32,67.61
412017,249530,197835,248637,197510,935.17,1653.20,0.00,67.61
412057,249653,197879,248660,197516,1005.27,2126.77,0.00,67.61
412097,249769,197926,248678,197520,1065.20,2553.58,0.00,67.61
412137,249899,197989,248693,197524,1135.44,2951.21,0.00,67.61
412177,249306,197735,248678,197514,515.31,2773.22,0.00,67.61
412217,247501,196997,248589,197474,-1225.20,1238.41,0.00,67.61
412257,246957,196751,248469,197421,-1680.75,-353.87,0.00,67.61
412297,247013,196792,248349,197368,-1543.52,-1517.91,0.00,67.61
412337,247217,196877,248296,197345,-1272.55,-2232.36,0.00,67.61
412377,247379,196946,248303,197345,-1055.02,-2629.90,0.00,67.61
412417,247596,197029,248327,197352,-796.11,-2740.81,0.00,67.61
412457,247755,197104,248349,197358,-605.25,-2676.85,0.00,67.61
412497,247707,197077,248358,197359,-620.59,-2637.95,0.00,67.61
412537,247579,197027,248349,197353,-711.16,-2679.29,0.00,67.61
412577,247498,197011,248323,197341,-752.55,-2745.47,0.00,67.61
412617,247622,197039,248298,197329,-597.12,-2674.07,0.00,67.61
412657,247829,197117,248287,197323,-370.62,-2435.76,0.00,67.61
412697,248024,197196,248287,197322,-166.84,-2082.08,0.00,67.61
412737,248228,197277,248292,197322,35.30,-1637.43,0.00,67.61
412777,248412,197334,248296,197321,208.33,-1143.28,0.00,67.61
412817,248582,197399,248298,197319,359.41,-627.10,0.00,67.61
412857,248718,197452,248295,197316,470.64,-125.17,0.00,67.61
412897,248827,197491,248288,197310,550.66,340.39,0.00,67.61
412937,248937,197521,248277,197302,627.62,774.41,774.41,68.38
412977,249067,197585,248264,197295,719.75,1195.33,0.00,68.38
413017,249171,197620,248249,197286,782.56,1582.31,0.00,68.38
413057,248662,197392,248210,197267,259.89,1473.76,0.00,68.38
413097,247201,196769,248107,197221,-1141.05,266.17,0.00,68.38
413137,246747,196566,247981,197164,-1515.30,-999.30,0.00,68.38
413177,246834,196603,247882,197118,-1356.88,-1884.94,0.00,68.38
413217,247049,196700,247864,197107,-1084.78,-2375.78,0.00,68.38
413257,247203,196759,247874,197107,-884.23,-2608.01,0.00,68.38
413297,247401,196855,247889,197109,-651.92,-2607.94,0.00,68.38
413337,247552,196910,247903,197111,-475.88,-2467.06,0.00,68.38
413377,247533,196896,247909,197109,-470.12,-2349.74,0.00,68.38
413417,247451,196854,247903,197102,-524.52,-2299.41,0.00,68.38
413457,247464,196852,247891,197092,-485.94,-2228.28,0.00,68.38
413497,247565,196897,247886,197084,-365.69,-2075.17,0.00,68.38
413537,247725,196952,247892,197081,-195.41,-1816.46,0.00,68.38
413577,247897,197027,247908,197082,-22.23,-1470.96,0.00,68.38
413617,248071,197088,247926,197084,144.17,-1061.43,0.00,68.38
413657,248235,197150,247942,197085,292.77,-614.93,0.00,68.38
413697,248387,197202,247956,197086,422.53,-153.92,0.00,68.38
413737,248537,197251,247969,197085,543.91,311.99,0.00,68.38
413777,248672,197301,247979,197083,644.95,765.55,765.55,68.38
413817,248769,197343,247987,197081,704.86,1176.33,0.00,68.38
413857,248860,197376,247992,197078,756.06,1545.91,0.00,68.38
413897,248999,197424,247999,197075,850.31,1916.98,0.00,68.38
413937,249047,197456,248003,197073,853.39,2216.30,0.00,68.38
413977,248061,197025,247963,197050,-125.98,1672.25,0.00,68.38
414017,246983,196557,247876,197008,-1143.78,422.78,0.00,68.38
414057,246822,196488,247802,196972,-1239.55,-653.42,0.00,68.38
414097,247010,196572,247794,196964,-998.97,-1321.91,0.00,68.38
414137,247231,196673,247814,196968,-739.06,-1648.78,0.00,68.38
414177,247387,196743,247836,196974,-553.91,-1762.15,0.00,68.38
414217,247623,196835,247859,196979,-302.02,-1651.33,0.00,68.38
414257,247664,196850,247877,196983,-247.97,-1519.44,0.00,68.38
414297,247601,196822,247885,196981,-295.42,-1451.89,0.00,68.38
414337,247524,196779,247884,196976,-353.80,-1444.55,0.00,68.38
414377,247561,196808,247885,196973,-300.95,-1396.40,0.00,68.38
414417,247667,196841,247894,196972,-185.20,-1265.28,0.00,68.38
414457,247796,196906,247907,196974,-53.39,-1054.94,0.00,68.38
414497,247920,196955,247921,196976,67.08,-790.29,0.00,68.38
414537,248044,197013,247934,196979,181.53,-487.01,0.00,68.38
414577,248157,197047,247945,196980,279.80,-165.77,0.00,68.38
414617,248242,197085,247951,196980,346.56,144.64,0.00,68.38
414657,248331,197108,247955,196978,413.78,446.73,0.00,68.38
414697,248425,197135,247957,196975,482.39,743.30,743.30,67.61
414737,248522,197185,247956,196973,550.42,1034.98,0.00,67.61
414777,248612,197221,247954,196969,608.41,1314.71,0.00,67.61
414817,248752,197287,247953,196967,710.98,1620.55,0.00,67.61
414857,248780,197284,247950,196963,702.03,1858.07,0.00,67.61
414897,247753,196829,247900,196940,-308.72,1239.48,0.00,67.61
414937,246967,196464,247817,196900,-1039.98,159.60,0.00,67.61
414977,246925,196463,247771,196878,-1027.89,-694.64,0.00,67.61
415017,247130,196563,247777,196878,-781.75,-1181.11,0.00,67.61
415057,247341,196667,247798,196885,-542.22,-1378.66,0.00,67.61
415097,247558,196753,247820,196892,-308.95,-1350.09,0.00,67.61
415137,247731,196821,247840,196898,-129.16,-1183.40,0.00,67.61
415177,247692,196787,247852,196900,-159.75,-1074.52,0.00,67.61
415217,247607,196743,247852,196896,-232.52,-1045.63,0.00,67.61
415257,247593,196737,247849,196892,-234.19,-1023.85,0.00,67.61
415297,247681,196784,247852,196890,-138.88,-930.18,0.00,67.61
415337,247795,196836,247863,196892,-23.62,-763.05,0.00,67.61
415377,247889,196893,247876,196896,66.86,-556.95,0.00,67.61
415417,248037,196938,247891,196900,204.11,-282.27,0.00,67.61
415457,248198,197001,247907,196903,346.86,51.67,0.00,67.61
415497,248308,197049,247922,196907,434.02,388.55,0.00,67.61
415537,248428,197068,247938,196909,526.31,731.89,731.89,67.42
415577,248472,197120,247950,196912,541.80,1018.95,0.00,67.42
415617,248541,197136,247962,196914,580.25,1279.36,0.00,67.42
415657,248656,197180,247975,196917,660.48,1551.87,0.00,67.42
415697,248849,197243,247992,196922,810.81,1890.15,0.00,67.42
415727,248675,197153,247998,196920,604.97,1996.09,0.00,67.42
415767,247549,196669,247956,196898,-494.98,1200.89,0.00,67.42
415807,247047,196440,247888,196864,-947.14,203.00,0.00,67.42
415847,247129,196474,247822,196832,-821.89,-495.11,0.00,67.42
415887,247359,196581,247806,196822,-562.30,-845.93,0.00,67.42
415927,247574,196664,247830,196830,-329.94,-940.69,0.00,67.42
415967,247791,196760,247865,196842,-107.30,-838.39,0.00,67.42
416007,247941,196833,247897,196853,40.56,-638.26,0.00,67.42
416047,247882,196793,247919,196858,-17.52,-524.62,0.00,67.42
416087,247789,196753,247928,196858,-104.98,-503.69,0.00,67.42
416127,247761,196749,247929,196855,-126.33,-504.01,0.00,67.42
416167,247816,196789,247934,196855,-67.77,-457.42,0.00,67.42
416207,247900,196845,247946,196859,15.42,-353.60,0.00,67.42
416247,247991,196883,247962,196865,101.09,-202.00,0.00,67.42
416287,248109,196933,247979,196871,208.14,4.91,0.00,67.42
416327,248194,196972,247995,196876,278.48,226.71,0.00,67.42
416367,248287,197006,248011,196881,352.91,463.70,463.70,69.97
416407,248377,197047,248024,196885,420.77,707.57,0.00,69.97
416447,248447,197067,248034,196888,466.23,939.04,0.00,69.97
416487,248555,197115,248044,196890,545.52,1187.65,0.00,69.97
416527,248657,197157,248053,196894,615.14,1442.23,0.00,69.97
416567,248730,197194,248064,196897,653.73,1676.77,0.00,69.97
416607,248841,197238,248076,196901,726.50,1922.62,0.00,69.97
416647,248499,197077,248069,196897,365.28,1830.32,0.00,69.97
416687,247328,196566,248009,196870,-765.44,851.91,0.00,69.97
416727,246829,196361,247935,196838,-1201.22,-279.45,0.00,69.97
416767,246914,196395,247909,196827,-1060.41,-1071.89,0.00,69.97
416807,247129,196495,247913,196829,-803.14,-1500.02,0.00,69.97
416847,247252,196556,247918,196833,-646.14,-1716.93,0.00,69.97
416887,247394,196624,247919,196834,-478.94,-1756.69,0.00,69.97
416927,247547,196680,247918,196835,-309.64,-1653.07,0.00,69.97
416967,247546,196690,247908,196832,-295.11,-1558.54,0.00,69.97
417007,247486,196673,247890,196826,-337.36,-1516.72,0.00,69.97
417047,247499,196655,247875,196820,-308.14,-1459.89,0.00,69.97
417087,247565,196702,247866,196818,-230.03,-1351.94,0.00,69.97
417127,247693,196751,247863,196818,-96.92,-1159.09,0.00,69.97
417167,247843,196813,247864,196819,50.42,-886.93,0.00,69.97
417207,247976,196867,247867,196820,174.25,-570.15,0.00,69.97
417247,248068,196908,247870,196821,252.94,-253.77,0.00,69.97
417287,248162,196959,247872,196822,329.59,60.66,0.00,69.97
417327,248290,196996,247876,196823,434.72,396.30,0.00,69.97
417367,248384,197038,247880,196824,502.28,718.87,718.87,66.85
417407,248468,197071,247884,196825,556.97,1020.67,0.00,66.85
417447,248581,197122,247889,196828,636.47,1325.71,0.00,66.85
417487,248703,197174,247895,196830,720.55,1637.01,0.00,66.85
417527,248831,197224,247902,196833,806.12,1954.51,0.00,66.85
417567,249013,197296,247913,196837,938.72,2314.58,0.00,66.85
417607,248752,197187,247910,196835,643.83,2366.73,0.00,66.85
417647,247445,196619,247867,196816,-630.02,1389.37,0.00,66.85
417687,246851,196349,247848,196808,-1162.81,181.24,0.00,66.85
417727,246921,196381,247852,196809,-1038.17,-685.54,0.00,66.85
417767,247175,196495,247862,196813,-744.97,-1144.41,0.00,66.85
417807,247351,196569,247871,196815,-540.52,-1347.94,0.00,66.85
417847,247544,196663,247883,196820,-330.14,-1342.46,0.00,66.85
417887,247720,196734,247896,196824,-146.44,-1191.12,0.00,66.85
417927,247728,196745,247903,196827,-131.52,-1058.11,0.00,66.85
417967,247641,196701,247907,196827,-207.59,-1012.56,0.00,66.85
418007,247644,196706,247913,196829,-194.36,-965.54,0.00,66.85
418047,247724,196747,247922,196832,-108.64,-859.34,0.00,66.85
418087,247859,196800,247934,196836,25.05,-667.44,0.00,66.85
418127,248012,196869,247947,196841,169.14,-398.64,0.00,66.85
418167,248178,196939,247960,196846,318.39,-64.20,0.00,66.85
418207,248351,197006,247975,196851,466.83,322.10,0.00,66.85
418247,248469,197062,247991,196858,555.59,702.16,702.16,67.61
418287,248627,197118,248010,196864,677.91,1104.05,0.00,67.61
418327,248757,197171,248029,196871,767.52,1497.25,0.00,67.61
418367,248919,197229,248050,196879,883.05,1904.24,0.00,67.61
418407,249053,197281,248073,196887,966.19,2296.34,0.00,67.61
418447,249221,197347,248099,196896,1077.48,2699.06,0.00,67.61
418487,249416,197432,248128,196906,1208.86,3126.34,0.00,67.61
418527,249652,197523,248160,196918,1372.61,3599.16,0.00,67.61
418567,249864,197616,248194,196931,1505.38,4083.63,0.00,67.61
418607,249064,197283,248207,196935,670.11,3802.99,0.00,67.61
418647,247666,196700,248216,196938,-691.50,2489.19,0.00,67.61
418687,247365,196563,248236,196947,-942.88,1237.05,0.00,67.61
418727,247547,196634,248261,196957,-722.83,411.38,0.00,67.61
418767,247822,196768,248287,196968,-425.44,-11.25,0.00,67.61
418807,247993,196851,248313,196979,-241.72,-202.37,0.00,67.61
418847,248207,196954,248339,196991,-26.33,-182.96,0.00,67.61
418887,248383,196997,248366,197001,142.19,-32.62,0.00,67.61
418927,248297,196979,248389,197011,53.38,16.61,0.00,67.61
418967,248232,196951,248412,197021,-11.05,4.45,0.00,67.61
419007,248278,196976,248438,197031,33.20,30.12,30.12,69.16
419047,248433,197027,248466,197043,178.80,167.13,0.00,69.16
419087,248626,197089,248497,197054,353.20,416.27,0.00,69.16
419127,248847,197195,248530,197067,545.50,769.42,0.00,69.16
419167,249108,197290,248567,197081,766.17,1228.47,0.00,69.16
419207,249360,197388,248608,197096,967.27,1756.59,0.00,69.16
419247,249564,197472,248652,197113,1112.70,2295.43,0.00,69.16
419287,249649,197515,248692,197129,1137.81,2746.60,0.00,69.16
419327,249769,197555,248733,197144,1194.92,3153.21,0.00,69.16
419367,249910,197593,248773,197159,1269.12,3537.87,0.00,69.16
419407,250054,197656,248813,197174,1342.47,3904.27,0.00,69.16
419447,250169,197726,248851,197189,1384.59,4231.09,0.00,69.16
419487,250384,197802,248889,197204,1519.61,4600.56,0.00,69.16
419527,249818,197584,248896,197206,905.92,4405.19,0.00,69.16
419567,248446,197013,248839,197182,-442.78,3169.92,0.00,69.16
419607,248045,196850,248798,197165,-801.59,1894.66,0.00,69.16
419647,248205,196922,248820,197174,-609.52,1028.12,0.00,69.16
419687,248487,197047,248865,197193,-311.14,573.58,0.00,69.16
419727,248706,197162,248911,197214,-87.53,388.84,0.00,69.16
419767,248982,197279,248958,197234,179.05,454.31,0.00,69.16
419807,249147,197340,249004,197254,326.84,624.92,0.00,69.16
419847,249076,197302,249039,197268,243.05,694.38,0.00,69.16
419877,248992,197265,249063,197279,151.09,676.38,0.00,69.16
419917,249023,197264,249092,197290,172.98,679.49,0.00,69.16
419957,249192,197333,249130,197305,324.89,803.50,0.00,69.16
419997,249358,197415,249174,197323,466.34,1015.88,0.00,69.16
420037,249544,197493,249218,197342,619.72,1308.48,0.00,69.16
420077,249729,197577,249262,197361,764.48,1658.37,0.00,69.16
420117,249929,197656,249305,197379,916.27,2059.71,0.00,69.16
420157,250096,197722,249345,197397,1029.11,2471.05,0.00,69.16
420197,250273,197777,249381,197412,1145.80,2893.48,0.00,69.16
420237,250403,197836,249415,197427,1212.00,3284.38,0.00,69.16
420277,250541,197886,249451,197442,1282.50,3653.51,0.00,69.16
420317,250714,197946,249488,197457,1382.72,4028.98,0.00,69.16
420357,250896,198013,249528,197474,1486.48,4412.37,0.00,69.16
420397,251087,198082,249569,197491,1593.61,4804.79,0.00,69.16
420437,251247,198147,249612,197508,1665.92,5176.57,0.00,69.16
420477,250085,197680,249600,197503,478.72,4524.23,0.00,69.16
420517,248778,197148,249559,197486,-786.86,2989.89,0.00,69.16
420557,248505,197037,249561,197487,-1006.86,1586.43,0.00,69.16
420597,248711,197114,249588,197497,-760.81,660.49,0.00,69.16
420637,248928,197225,249617,197509,-516.62,115.09,0.00,69.16
420677,249127,197305,249642,197520,-301.75,-149.32,0.00,69.16
420717,249346,197401,249668,197529,-78.61,-182.35,0.00,69.16
420757,249458,197440,249687,197536,31.72,-120.50,0.00,69.16
420797,249373,197400,249696,197538,-50.61,-136.89,0.00,69.16
420837,249286,197371,249704,197541,-130.73,-214.10,0.00,69.16
420877,249322,197387,249718,197546,-90.00,-243.28,0.00,69.16
420917,249446,197448,249734,197553,32.30,-168.79,0.00,69.16
420957,249616,197509,249751,197560,192.19,18.72,0.00,69.16
420997,249787,197587,249769,197567,345.03,291.00,0.00,69.16
421037,249969,197660,249786,197574,500.67,633.34,0.00,69.16
421077,250137,197720,249802,197579,635.23,1014.86,0.00,69.16
421117,250278,197776,249816,197584,737.42,1401.82,0.00,69.16
421157,250405,197834,249828,197589,821.20,1778.42,0.00,69.16
421197,250521,197870,249838,197592,890.34,2135.01,0.00,69.16
421237,250660,197913,249848,197595,977.88,2490.31,0.00,69.16
421277,250833,197975,249860,197599,1093.33,2866.91,0.00,69.16
421317,251004,198037,249872,197603,1201.11,3254.42,0.00,69.16
421357,251214,198115,249884,197607,1340.55,3675.97,0.00,69.16
421397,251273,198131,249892,197609,1329.56,4004.43,0.00,69.16
421437,249831,197548,249835,197585,-106.81,3118.09,0.00,69.16
421477,248763,197103,249782,197562,-1116.08,1601.61,0.00,69.16
421517,248639,197057,249777,197558,-1178.08,338.83,0.00,69.16
421557,248841,197153,249790,197563,-927.28,-470.76,0.00,69.16
421597,249040,197248,249803,197568,-691.86,-930.10,0.00,69.16
421637,249219,197323,249815,197572,-487.22,-1133.85,0.00,69.16
421677,249446,197410,249828,197576,-247.20,-1104.85,0.00,69.16
421717,249490,197427,249834,197577,-193.05,-1038.31,0.00,69.16
421757,249385,197374,249831,197575,-283.14,-1057.16,0.00,69.16
421797,249292,197349,249827,197573,-357.33,-1131.59,0.00,69.16
421837,249369,197388,249831,197573,-266.31,-1118.32,0.00,69.16
421877,249487,197437,249837,197575,-140.89,-1007.37,0.00,69.16
421917,249667,197521,249846,197578,37.16,-776.17,0.00,69.16
421957,249874,197588,249856,197581,231.95,-435.38,0.00,69.16
421997,250083,197671,249868,197585,418.91,-13.18,0.00,69.16
422037,250259,197751,249880,197588,565.16,441.58,0.00,69.16
422077,250451,197811,249892,197592,719.30,928.71,0.00,69.16
422117,250660,197887,249908,197596,881.88,1448.46,0.00,69.16
422157,250788,197949,249923,197601,959.38,1926.27,0.00,69.16
422197,250976,198005,249941,197606,1090.00,2413.02,0.00,69.16
422237,251137,198075,249960,197613,1188.45,2881.18,0.00,69.16
422277,251298,198128,249979,197619,1281.98,3330.53,0.00,69.16
422317,251499,198218,249999,197626,1408.83,3791.49,0.00,69.16
422357,251244,198099,250000,197626,1096.14,3910.10,0.00,69.16
422397,249429,197381,249926,197596,-682.92,2581.74,0.00,69.16
422437,248698,197094,249881,197577,-1343.22,990.82,0.00,69.16
422477,248651,197104,249876,197577,-1320.70,-263.91,0.00,69.16
422517,248856,197183,249885,197582,-1059.92,-1059.06,0.00,69.16
422557,249090,197282,249895,197588,-784.62,-1474.95,0.00,69.16
422597,249371,197387,249908,197593,-478.44,-1562.71,0.00,69.16
422637,249591,197485,249923,197600,-245.52,-1446.58,0.00,69.16
422677,249551,197461,249927,197602,-271.23,-1374.25,0.00,69.16
422717,249413,197409,249924,197601,-388.77,-1410.41,0.00,69.16
422757,249406,197410,249925,197602,-375.98,-1429.12,0.00,69.16
422797,249538,197451,249935,197607,-231.78,-1328.72,0.00,69.16
422837,249766,197542,249951,197613,-3.59,-1065.85,0.00,69.16
422877,250014,197633,249972,197621,232.19,-666.93,0.00,69.16
422917,250283,197732,249997,197629,476.12,-152.64,0.00,69.16
422957,250554,197822,250024,197638,709.77,445.70,0.00,69.16
422997,250669,197872,250047,197646,783.53,983.38,983.38,69.16
423037,250737,197890,250066,197652,808.95,1433.87,0.00,69.16
423077,250891,197949,250084,197657,914.81,1878.94,0.00,69.16
423117,251061,198008,250100,197662,1030.58,2327.62,0.00,69.16
423157,251247,198077,250118,197667,1155.75,2786.69,0.00,69.16
423197,251512,198183,250140,197675,1349.72,3309.13,0.00,69.16
423237,251576,198190,250157,197679,1343.03,3721.73,0.00,69.16
423277,250038,197564,250107,197657,-185.22,2829.21,0.00,69.16
423317,249019,197136,250008,197613,-1144.00,1348.17,0.00,69.16
423357,249018,197124,249919,197574,-1087.75,208.33,0.00,69.16
423397,249313,197252,249914,197569,-753.11,-435.82,0.00,69.16
423437,249662,197400,249953,197581,-383.91,-655.78,0.00,69.16
423477,250013,197510,250007,197598,-31.27,-549.64,0.00,69.16
423517,250384,197643,250068,197616,322.75,-181.51,0.00,69.16
423557,250369,197634,250119,197630,292.36,88.68,0.00,69.16
423597,250077,197517,250148,197635,0.34,71.22,0.00,69.16
423637,249971,197484,250163,197635,-100.38,-23.33,0.00,69.16
423677,250092,197543,250184,197639,19.59,-2.99,-2.99,88.24
423717,250306,197644,250220,197648,221.91,175.14,0.00,88.24
423757,250577,197761,250267,197662,468.27,514.72,0.00,88.24
423797,250860,197870,250320,197679,713.70,982.74,0.00,88.24
423837,251076,197956,250372,197695,883.22,1492.77,0.00,88.24
423877,251278,198027,250423,197711,1030.95,2018.98,0.00,88.24
423917,251424,198089,250468,197725,1118.11,2509.67,0.00,88.24
423957,251539,198148,250508,197738,1171.45,2944.90,0.00,88.24
423997,251670,198196,250548,197751,1237.33,3345.78,0.00,88.24
424037,251793,198251,250590,197766,1292.31,3710.47,0.00,88.24
424077,251953,198310,250633,197780,1379.70,4072.14,0.00,88.24
424107,251190,198016,250638,197781,585.88,3726.41,0.00,88.24
424147,249298,197256,250560,197748,-1240.81,1988.48,0.00,88.24
424187,248822,197062,250452,197703,-1630.97,286.01,0.00,88.24
424227,248929,197122,250346,197660,-1447.77,-929.40,0.00,88.24
424267,249201,197238,250313,197647,-1116.98,-1637.11,0.00,88.24
424307,249424,197328,250329,197655,-849.28,-1989.11,0.00,88.24
424347,249664,197446,250355,197668,-578.81,-2054.34,0.00,88.24
424387,249803,197489,250375,197677,-417.83,-1977.74,0.00,88.24
424427,249649,197444,250374,197679,-543.23,-2016.78,0.00,88.24
424467,249490,197386,250353,197674,-667.12,-2147.12,0.00,88.24
424507,249499,197389,250318,197664,-625.22,-2217.87,0.00,88.24
424547,249623,197444,250288,197656,-476.16,-2155.22,0.00,88.24
424587,249798,197517,250277,197656,-286.09,-1953.05,0.00,88.24
424627,250029,197607,250279,197661,-52.34,-1604.32,0.00,88.24
424667,250246,197691,250285,197667,156.42,-1158.32,0.00,88.24
424707,250457,197787,250291,197673,349.05,-647.42,0.00,88.24
424747,250661,197854,250295,197676,525.39,-97.62,0.00,88.24
424787,250843,197931,250294,197679,672.02,459.52,0.00,88.24
424827,250965,197970,250289,197679,754.31,971.06,971.06,65.57
424867,251054,198006,250280,197679,801.14,1417.76,0.00,65.57
424907,251163,198058,250270,197677,864.64,1825.92,0.00,65.57
424947,251310,198109,250261,197676,961.06,2229.59,0.00,65.57
424987,251327,198117,250247,197673,929.16,2527.00,0.00,65.57
425027,249738,197488,250165,197642,-626.84,1520.12,0.00,65.57
425067,248603,197032,250031,197591,-1673.75,-122.90,0.00,65.57
425107,248423,196965,249920,197549,-1761.06,-1507.17,0.00,65.57
425147,248593,197041,249892,197540,-1511.52,-2414.95,0.00,65.57
425187,248778,197121,249890,197543,-1260.19,-2940.11,0.00,65.57
425227,248941,197191,249891,197545,-1042.33,-3185.95,0.00,65.57
425267,249149,197281,249889,197547,-792.61,-3182.85,0.00,65.57
425307,249159,197298,249878,197546,-743.48,-3141.07,0.00,65.57
425347,249044,197245,249853,197538,-815.56,-3165.30,0.00,65.57
425387,248964,197210,249820,197527,-850.78,-3212.87,0.00,65.57
425427,249025,197243,249795,197519,-750.30,-3170.53,0.00,65.57
425467,249198,197320,249783,197516,-548.44,-2975.18,0.00,65.57
425507,249387,197384,249779,197516,-341.47,-2653.31,0.00,65.57
425547,249524,197443,249775,197516,-194.25,-2278.05,0.00,65.57
425587,249600,197495,249767,197515,-112.34,-1912.32,0.00,65.57
425627,249789,197549,249757,197513,72.83,-1471.59,0.00,65.57
425667,249899,197610,249743,197509,173.69,-1038.32,0.00,65.57
425707,250008,197651,249725,197504,268.55,-615.82,0.00,65.57
425747,250163,197703,249705,197498,402.38,-170.76,0.00,65.57
425787,250275,197751,249683,197491,488.66,254.32,0.00,65.57
425827,250447,197811,249662,197484,627.62,705.56,705.56,63.60
425867,250609,197877,249644,197479,750.14,1164.56,0.00,63.60
425907,250836,197958,249631,197475,928.28,1674.27,0.00,63.60
425947,250987,198024,249618,197472,1025.31,2159.67,0.00,63.60
425987,249630,197487,249550,197447,-315.11,1475.65,0.00,63.60
426027,248285,196945,249492,197425,-1577.11,-81.17,0.00,63.60
426067,247981,196823,249467,197417,-1787.05,-1494.57,0.00,63.60
426107,248139,196885,249456,197413,-1547.59,-2433.73,0.00,63.60
426147,248323,196965,249445,197410,-1295.41,-2983.31,0.00,63.60
426187,248456,197027,249432,197407,-1104.28,-3270.07,0.00,63.60
426227,248714,197126,249423,197404,-803.97,-3259.23,0.00,63.60
426267,248814,197171,249410,197400,-668.77,-3142.40,0.00,63.60
426307,248756,197149,249394,197394,-690.42,-3066.26,0.00,63.60
426347,248695,197121,249380,197389,-713.84,-3024.08,0.00,63.60
426387,248754,197146,249371,197386,-622.09,-2916.94,0.00,63.60
426427,248911,197202,249367,197384,-441.84,-2687.03,0.00,63.60
426467,249147,197300,249365,197384,-195.55,-2306.06,0.00,63.60
426507,249395,197390,249365,197384,49.83,-1804.98,0.00,63.60
426547,249569,197473,249367,197385,212.64,-1273.88,0.00,63.60
426587,249787,197558,249374,197388,409.11,-691.81,0.00,63.60
426627,249933,197603,249380,197390,527.36,-131.56,0.00,63.60
426667,250081,197668,249387,197392,641.59,408.02,0.00,63.60
426707,250191,197698,249395,197394,714.02,897.63,897.63,64.69
426747,250369,197771,249403,197397,847.42,1396.04,0.00,64.69
426787,250464,197811,249410,197399,895.30,1833.07,0.00,64.69
426827,250594,197867,249416,197401,974.03,2245.68,0.00,64.69
426867,250806,197962,249424,197405,1126.73,2697.93,0.00,64.69
426907,251090,198059,249434,197409,1340.20,3230.51,0.00,64.69
426947,250500,197839,249415,197401,712.69,3154.56,0.00,64.69
426987,248610,197098,249374,197386,-1118.45,1628.88,0.00,64.69
427027,248004,196854,249363,197382,-1638.23,-7.48,0.00,64.69
427067,248053,196864,249366,197384,-1509.77,-1213.80,0.00,64.69
427107,248302,196977,249372,197387,-1197.73,-1929.23,0.00,64.69
427147,248550,197073,249381,197392,-902.25,-2265.18,0.00,64.69
427187,248866,197192,249398,197398,-556.94,-2257.69,0.00,64.69
427227,249086,197270,249413,197404,-320.09,-2062.23,0.00,64.69
427267,248955,197224,249418,197406,-428.53,-1992.61,0.00,64.69
427307,248790,197151,249420,197406,-563.86,-2045.17,0.00,64.69
427347,248812,197158,249424,197408,-514.77,-2047.95,0.00,64.69
427387,248937,197234,249432,197411,-370.28,-1934.59,0.00,64.69
427427,249112,197310,249440,197416,-185.52,-1696.08,0.00,64.69
427467,249366,197408,249448,197420,65.06,-1304.82,0.00,64.69
427507,249627,197502,249458,197424,309.77,-796.04,0.00,64.69
427547,249818,197561,249468,197428,475.73,-256.24,0.00,64.69
427587,249979,197634,249475,197431,604.89,278.92,0.00,64.69
427627,250091,197680,249482,197434,681.05,767.97,0.00,64.69
427667,250163,197713,249485,197436,715.39,1186.69,1186.69,60.15
427707,250225,197743,249486,197438,738.52,1540.16,0.00,60.15
427747,250338,197755,249485,197437,808.94,1879.28,0.00,60.15
427787,250513,197830,249487,197438,934.73,2251.21,0.00,60.15
427827,250325,197770,249476,197434,709.39,2368.48,0.00,60.15
427867,248720,197136,249393,197401,-850.83,1214.12,0.00,60.15
427907,247907,196808,249265,197351,-1580.64,-293.21,0.00,60.15
427947,247816,196775,249158,197308,-1588.06,-1505.02,0.00,60.15
427987,247981,196861,249133,197299,-1351.91,-2285.54,0.00,60.15
428027,248184,196954,249140,197303,-1091.45,-2701.60,0.00,60.15
428067,248462,197059,249157,197311,-772.78,-2779.50,0.00,60.15
428107,248699,197163,249172,197318,-508.98,-2630.79,0.00,60.15
428147,248620,197121,249175,197320,-558.58,-2551.49,0.00,60.15
428187,248437,197051,249158,197314,-704.50,-2604.79,0.00,60.15
428227,248378,197046,249130,197305,-725.33,-2664.10,0.00,60.15
428267,248482,197086,249111,197300,-590.27,-2603.49,0.00,60.15
428307,248661,197163,249106,197300,-390.70,-2395.36,0.00,60.15
428347,248887,197250,249109,197304,-156.47,-2041.46,0.00,60.15
428377,249111,197334,249116,197308,64.16,-1581.84,0.00,60.15
428417,249294,197413,249123,197312,234.80,-1077.64,0.00,60.15
428457,249422,197463,249125,197314,344.66,-586.38,0.00,60.15
428497,249595,197519,249124,197315,491.77,-75.69,0.00,60.15
428537,249710,197567,249120,197315,576.42,400.58,0.00,60.15
428577,249774,197602,249111,197314,608.41,807.19,807.19,64.00
428617,249893,197641,249103,197312,691.03,1198.58,0.00,64.00
428657,250040,197704,249098,197312,796.12,1595.76,0.00,64.00
428697,249872,197638,249084,197308,596.72,1753.98,0.00,64.00
428737,248360,197028,249005,197279,-869.52,707.58,0.00,64.00
428777,247566,196705,248887,197234,-1580.34,-698.21,0.00,64.00
428817,247409,196642,248771,197189,-1650.47,-1878.95,0.00,64.00
428857,247636,196733,248727,197173,-1352.30,-2585.00,0.00,64.00
428897,247884,196821,248726,197173,-1049.08,-2907.26,0.00,64.00
428937,248073,196919,248737,197179,-817.08,-2979.47,0.00,64.00
428977,248381,197032,248753,197186,-483.62,-2770.48,0.00,64.00
429017,248418,197034,248762,197189,-424.30,-2555.82,0.00,64.00
429057,248301,196986,248756,197186,-514.23,-2456.04,0.00,64.00
429097,248249,196968,248738,197178,-537.92,-2395.17,0.00,64.00
429137,248370,197017,248728,197174,-396.08,-2233.00,0.00,64.00
429177,248577,197109,248733,197176,-179.62,-1930.10,0.00,64.00
429217,248753,197173,248748,197181,-3.44,-1546.83,0.00,64.00
429257,248982,197261,248768,197188,214.28,-1066.04,0.00,64.00
429297,249148,197343,248788,197196,361.27,-563.82,0.00,64.00
429337,249307,197412,248805,197202,494.25,-55.65,0.00,64.00
429377,249482,197472,248819,197208,635.78,464.10,0.00,64.00
429417,249603,197515,248832,197212,718.94,946.43,946.43,66.85
429457,249818,197592,248848,197217,887.23,1466.93,0.00,66.85
429497,250034,197666,248865,197223,1048.08,2012.01,0.00,66.85
429537,250278,197762,248888,197231,1227.47,2591.58,0.00,66.85
429577,250562,197858,248919,197241,1435.89,3221.98,0.00,66.85
429617,250737,197940,248953,197253,1530.34,3801.86,0.00,66.85
429657,249249,197349,248921,197239,40.22,3073.66,0.00,66.85
429697,247718,196745,248835,197203,-1416.23,1325.94,0.00,66.85
429737,247384,196612,248796,197186,-1662.72,-269.42,0.00,66.85
429777,247520,196671,248794,197185,-1450.38,-1375.84,0.00,66.85
429817,247691,196754,248806,197189,-1215.41,-2073.00,0.00,66.85
429857,247845,196830,248814,197193,-1008.33,-2465.06,0.00,66.85
429897,248069,196915,248821,197197,-745.11,-2568.13,0.00,66.85
429937,248175,196960,248826,197199,-607.16,-2540.23,0.00,66.85
429977,248062,196926,248813,197194,-684.14,-2579.50,0.00,66.85
430017,247972,196888,248795,197188,-735.44,-2651.95,0.00,66.85
430057,248029,196911,248784,197185,-644.52,-2637.17,0.00,66.85
430097,248176,196966,248781,197185,-472.64,-2487.85,0.00,66.85
430137,248355,197052,248781,197187,-278.95,-2213.44,0.00,66.85
430177,248604,197139,248782,197188,-28.45,-1793.52,0.00,66.85
430217,248825,197234,248785,197190,182.92,-1288.48,0.00,66.85
430257,249010,197300,248786,197192,349.53,-751.16,0.00,66.85
430297,249191,197364,248787,197193,504.00,-197.72,0.00,66.85
430337,249306,197416,248787,197193,588.05,312.26,0.00,66.85
430377,249398,197458,248784,197192,646.05,766.64,766.64,65.40
430417,249561,197514,248782,197192,768.59,1228.19,0.00,65.40
430457,249766,197585,248780,197192,924.91,1722.48,0.00,65.40
430497,249986,197678,248778,197193,1087.66,2248.11,0.00,65.40
430537,250227,197768,248776,197193,1262.22,2808.26,0.00,65.40
430577,249729,197562,248743,197181,726.00,2827.41,0.00,65.40
430617,247909,196841,248630,197137,-1039.30,1430.49,0.00,65.40
430657,247276,196592,248551,197107,-1588.69,-126.56,0.00,65.40
430697,247269,196593,248533,197101,-1515.91,-1313.97,0.00,65.40
430737,247466,196686,248536,197104,-1252.95,-2053.54,0.00,65.40
430777,247641,196761,248541,197107,-1024.06,-2462.08,0.00,65.40
430817,247925,196866,248550,197112,-703.06,-2532.12,0.00,65.40
430857,248140,196959,248562,197117,-463.66,-2396.62,0.00,65.40
430897,248095,196938,248563,197118,-483.22,-2303.87,0.00,65.40
430937,247982,196894,248556,197115,-566.41,-2296.22,0.00,65.40
430977,247965,196897,248552,197114,-554.23,-2280.36,0.00,65.40
431017,248124,196962,248558,197117,-375.47,-2124.67,0.00,65.40
431057,248389,197060,248572,197123,-104.94,-1783.68,0.00,65.40
431097,248649,197170,248591,197131,147.31,-1309.10,0.00,65.40
431137,248899,197251,248613,197139,377.45,-745.31,0.00,65.40
431177,249147,197349,248635,197147,594.19,-120.90,0.00,65.40
431217,249355,197429,248656,197155,762.08,512.94,0.00,65.40
431257,249552,197512,248677,197164,911.12,1139.25,1139.25,66.85
431297,249713,197565,248698,197172,1018.52,1726.21,0.00,66.85
431337,249837,197627,248720,197180,1085.39,2249.28,0.00,66.85
431377,250033,197684,248745,197189,1217.33,2773.29,0.00,66.85
431417,250264,197790,248773,197200,1375.91,3319.36,0.00,66.85
431457,250560,197884,248805,197212,1588.31,3926.14,0.00,66.85
431497,250293,197772,248817,197216,1255.25,4145.11,0.00,66.85
431537,248321,196992,248741,197185,-680.91,2771.36,0.00,66.85
431577,247606,196690,248656,197150,-1326.11,1156.20,0.00,66.85
431617,247671,196727,248646,197146,-1198.05,-33.48,0.00,66.85
431657,248006,196868,248676,197157,-819.89,-682.69,0.00,66.85
431697,248373,197013,248720,197173,-430.25,-890.35,0.00,66.85
431737,248817,197183,248774,197193,13.06,-701.83,0.00,66.85
431777,249091,197276,248832,197214,272.70,-343.30,0.00,66.85
431817,248950,197215,248873,197228,125.12,-174.54,0.00,66.85
431857,248704,197123,248895,197234,-114.83,-231.50,0.00,66.85
431897,248730,197143,248921,197243,-84.39,-252.71,0.00,66.85
431937,248967,197226,248960,197256,144.98,-86.18,0.00,66.85
431977,249245,197324,249011,197273,401.83,252.52,0.00,66.85
432017,249571,197449,249069,197292,691.44,755.16,755.16,69.77
432057,249896,197584,249130,197313,965.61,1376.62,0.00,69.77
432097,250279,197712,249195,197335,1281.17,2126.23,0.00,69.77
432137,250441,197791,249256,197357,1371.02,2797.80,0.00,69.77
432177,250597,197850,249314,197377,1450.67,3398.78,0.00,69.77
432217,250811,197930,249373,197397,1581.44,3984.17,0.00,69.77
432257,250896,197971,249426,197415,1583.11,4453.82,0.00,69.77
432297,251102,198062,249482,197435,1699.66,4922.78,0.00,69.77
432337,251353,198157,249543,197456,1853.12,5420.73,0.00,69.77
432377,250757,197910,249572,197465,1194.27,5291.99,0.00,69.77
432417,248539,197023,249503,197435,-972.55,3455.56,0.00,69.77
432457,247850,196758,249394,197389,-1578.47,1501.67,0.00,69.77
432497,247935,196799,249300,197351,-1418.80,66.30,0.00,69.77
432537,248245,196934,249297,197348,-1053.36,-789.65,0.00,69.77
432577,248559,197066,249335,197363,-702.39,-1193.63,0.00,69.77
432607,249009,197237,249388,197384,-239.77,-1146.72,0.00,69.77
432647,249301,197344,249440,197403,49.62,-877.67,0.00,69.77
432687,249079,197257,249468,197412,-163.75,-833.14,0.00,69.77
432727,248853,197167,249470,197412,-370.27,-962.72,0.00,69.77
432767,248875,197187,249461,197408,-330.86,-1034.87,0.00,69.77
432807,249069,197268,249466,197410,-130.02,-931.91,0.00,69.77
432847,249347,197376,249492,197421,140.58,-633.06,0.00,69.77
432887,249663,197505,249529,197435,433.75,-159.45,0.00,69.77
432927,249949,197614,249568,197451,683.77,419.45,0.00,69.77
432967,250213,197727,249607,197467,900.38,1055.86,1055.86,67.61
433007,250421,197805,249641,197481,1052.95,1687.05,0.00,67.61
433047,250629,197880,249670,197493,1197.91,2307.97,0.00,67.61
433087,250816,197945,249692,197502,1315.66,2898.90,0.00,67.61
433127,251016,198027,249715,197511,1439.88,3471.02,0.00,67.61
433167,251289,198139,249743,197523,1627.23,4078.60,0.00,67.61
433207,251470,198194,249769,197534,1717.83,4637.14,0.00,67.61
433247,249856,197561,249727,197517,98.64,3788.63,0.00,67.61
433287,248052,196845,249605,197469,-1620.09,1734.83,0.00,67.61
433327,247751,196722,249461,197411,-1825.03,-72.16,0.00,67.61
433367,247946,196798,249349,197367,-1548.53,-1296.56,0.00,67.61
433407,248250,196928,249337,197363,-1182.30,-1983.08,0.00,67.61
433447,248501,197029,249363,197374,-884.73,-2294.25,0.00,67.61
433487,248900,197188,249402,197389,-461.45,-2204.56,0.00,67.61
433527,249060,197259,249434,197402,-286.38,-1992.75,0.00,67.61
433567,248808,197164,249444,197406,-511.45,-2003.36,0.00,67.61
433607,248661,197111,249431,197401,-625.53,-2103.12,0.00,67.61
433647,248686,197122,249406,197392,-570.50,-2138.89,0.00,67.61
433687,248900,197209,249399,197390,-338.67,-1982.05,0.00,67.61
433727,249218,197326,249413,197397,-19.64,-1601.35,0.00,67.61
433767,249538,197451,249440,197407,285.34,-1052.81,0.00,67.61
433807,249829,197567,249470,197419,547.53,-404.22,0.00,67.61
433847,250082,197665,249500,197431,760.50,285.02,0.00,67.61
433887,250276,197747,249524,197440,906.78,953.44,0.00,67.61
433927,250411,197812,249543,197448,989.69,1554.50,1554.50,67.61
433967,250458,197827,249552,197452,984.86,2031.49,0.00,67.61
434007,250598,197886,249560,197456,1068.61,2480.08,0.00,67.61
434047,250869,197988,249569,197460,1272.62,3002.16,0.00,67.61
434087,251176,198105,249584,197466,1500.64,3602.24,0.00,67.61
434127,251014,198041,249583,197467,1271.70,3899.16,0.00,67.61
434167,248888,197214,249487,197430,-811.58,2470.06,0.00,67.61
434207,247727,196745,249338,197372,-1873.95,476.89,0.00,67.61
434247,247577,196692,249247,197337,-1922.75,-1156.69,0.00,67.61
434287,247743,196775,249234,197334,-1668.91,-2260.48,0.00,67.61
434327,247955,196861,249242,197340,-1384.06,-2915.63,0.00,67.61
434367,248234,196981,249254,197347,-1049.81,-3172.35,0.00,67.61
434407,248582,197109,249267,197354,-666.72,-3071.26,0.00,67.61
434447,248652,197135,249273,197359,-566.88,-2910.51,0.00,67.61
434487,248446,197071,249255,197354,-734.23,-2915.79,0.00,67.61
434527,248326,197028,249226,197345,-811.52,-2981.85,0.00,67.61
434567,248443,197075,249211,197341,-659.80,-2913.32,0.00,67.61
434607,248646,197138,249210,197342,-433.95,-2677.81,0.00,67.61
434647,248967,197268,249222,197348,-107.31,-2228.10,0.00,67.61
434687,249268,197390,249236,197355,184.00,-1635.28,0.00,67.61
434727,249543,197494,249249,197362,436.05,-959.39,0.00,67.61
434767,249811,197610,249260,197368,668.84,-232.44,0.00,67.61
434807,250011,197674,249268,197373,825.41,474.38,0.00,67.61
